username,encodedUsername,link,accountNumber,accountCreated,accountAge,linksRef
kevinatilusa,kevinatilusa,https://fark.com/users/kevinatilusa,13657,2001-11-07,20,89
WhippingBoi,WhippingBoi,https://fark.com/users/WhippingBoi,1141964,2020-11-28,1,2
ImpendingCynic,ImpendingCynic,https://fark.com/users/ImpendingCynic,357269,2007-08-24,14,18
comrade,comrade,https://fark.com/users/comrade,72965,2003-01-30,18,None
kdawg7736,kdawg7736,https://fark.com/users/kdawg7736,412992,2008-06-29,13,10047
Heamer,Heamer,https://fark.com/users/Heamer,150105,2004-04-05,17,430
The_Sponge,The_Sponge,https://fark.com/users/The_Sponge,193289,2004-11-05,17,46
The_Sponge,The_Sponge,https://fark.com/users/The_Sponge,193289,2004-11-05,17,46
BigNumber12,BigNumber12,https://fark.com/users/BigNumber12,449253,2008-12-27,13,517
jim32rr,jim32rr,https://fark.com/users/jim32rr,324978,2007-02-08,14,1557
xxBirdMadGirlxx,xxBirdMadGirlxx,https://fark.com/users/xxBirdMadGirlxx,354647,2007-08-09,14,None
Kyle Butler,Kyle%20Butler,https://fark.com/users/Kyle%20Butler,588169,2010-08-24,11,198
Somaticasual,Somaticasual,https://fark.com/users/Somaticasual,390594,2008-03-01,13,7
Kriggerel,Kriggerel,https://fark.com/users/Kriggerel,471318,2009-04-29,12,1
Begoggle,Begoggle,https://fark.com/users/Begoggle,44784,2002-07-11,19,30
guestguy,guestguy,https://fark.com/users/guestguy,413430,2008-07-01,13,1
Pointy Tail of Satan,Pointy%20Tail%20of%20Satan,https://fark.com/users/Pointy%20Tail%20of%20Satan,361065,2007-09-18,14,26
Resident Muslim,Resident%20Muslim,https://fark.com/users/Resident%20Muslim,471261,2009-04-29,12,233
Resident Muslim,Resident%20Muslim,https://fark.com/users/Resident%20Muslim,471261,2009-04-29,12,233
Solty Dog,Solty%20Dog,https://fark.com/users/Solty%20Dog,234398,2005-06-24,16,8
Weatherkiss,Weatherkiss,https://fark.com/users/Weatherkiss,722339,2011-11-01,10,8
xxBirdMadGirlxx,xxBirdMadGirlxx,https://fark.com/users/xxBirdMadGirlxx,354647,2007-08-09,14,None
berylman,berylman,https://fark.com/users/berylman,119065,2003-11-07,18,19
Resident Muslim,Resident%20Muslim,https://fark.com/users/Resident%20Muslim,471261,2009-04-29,12,233
cravak,cravak,https://fark.com/users/cravak,222156,2005-04-09,16,1
WhippingBoi,WhippingBoi,https://fark.com/users/WhippingBoi,1141964,2020-11-28,1,2
MrHormel,MrHormel,https://fark.com/users/MrHormel,2596,2001-04-17,20,4
MrHormel,MrHormel,https://fark.com/users/MrHormel,2596,2001-04-17,20,4
xanadian,xanadian,https://fark.com/users/xanadian,287644,2006-05-26,15,96
cameroncrazy1984,cameroncrazy1984,https://fark.com/users/cameroncrazy1984,211512,2005-02-08,16,46
guestguy,guestguy,https://fark.com/users/guestguy,413430,2008-07-01,13,1
DisseminationMonkey,DisseminationMonkey,https://fark.com/users/DisseminationMonkey,911476,2014-07-27,7,388
Solty Dog,Solty%20Dog,https://fark.com/users/Solty%20Dog,234398,2005-06-24,16,8
guestguy,guestguy,https://fark.com/users/guestguy,413430,2008-07-01,13,1
Weatherkiss,Weatherkiss,https://fark.com/users/Weatherkiss,722339,2011-11-01,10,8
ajgeek,ajgeek,https://fark.com/users/ajgeek,293565,2006-07-08,15,15
DisseminationMonkey,DisseminationMonkey,https://fark.com/users/DisseminationMonkey,911476,2014-07-27,7,388
maudibjr,maudibjr,https://fark.com/users/maudibjr,121228,2003-11-18,18,2
little big man,little%20big%20man,https://fark.com/users/little%20big%20man,133638,2004-01-20,17,186
NM Volunteer,NM%20Volunteer,https://fark.com/users/NM%20Volunteer,1118916,2020-06-17,1,43
kdawg7736,kdawg7736,https://fark.com/users/kdawg7736,412992,2008-06-29,13,10047
abhorrent1,abhorrent1,https://fark.com/users/abhorrent1,371486,2007-11-16,14,780
GardenWeasel,GardenWeasel,https://fark.com/users/GardenWeasel,249028,2005-09-20,16,170
Rev.K,Rev.K,https://fark.com/users/Rev.K,211344,2005-02-07,16,50
TrashcanMan,TrashcanMan,https://fark.com/users/TrashcanMan,233043,2005-06-16,16,None
Driedsponge,Driedsponge,https://fark.com/users/Driedsponge,88949,2003-05-03,18,111
Wendigogo,Wendigogo,https://fark.com/users/Wendigogo,1006607,2017-07-07,4,62
kdawg7736,kdawg7736,https://fark.com/users/kdawg7736,412992,2008-06-29,13,10047
Angry Drunk Bureaucrat,Angry%20Drunk%20Bureaucrat,https://fark.com/users/Angry%20Drunk%20Bureaucrat,241529,2005-08-05,16,11
stuffy,stuffy,https://fark.com/users/stuffy,53486,2002-09-08,19,3
emersonbiggins,emersonbiggins,https://fark.com/users/emersonbiggins,325096,2007-02-09,14,23
Harry Freakstorm,Harry%20Freakstorm,https://fark.com/users/Harry%20Freakstorm,266987,2006-01-13,15,159
ajgeek,ajgeek,https://fark.com/users/ajgeek,293565,2006-07-08,15,15
Tom-Servo,Tom-Servo,https://fark.com/users/Tom-Servo,57556,2002-10-10,19,None
Optimus Primate,Optimus%20Primate,https://fark.com/users/Optimus%20Primate,577501,2010-07-15,11,10
NM Volunteer,NM%20Volunteer,https://fark.com/users/NM%20Volunteer,1118916,2020-06-17,1,43
OkieDookie,OkieDookie,https://fark.com/users/OkieDookie,917697,2014-10-06,7,36
Pert,Pert,https://fark.com/users/Pert,187157,2004-10-06,17,333
AlgaeRancher,AlgaeRancher,https://fark.com/users/AlgaeRancher,92001,2003-05-23,18,2
guestguy,guestguy,https://fark.com/users/guestguy,413430,2008-07-01,13,1
Pointy Tail of Satan,Pointy%20Tail%20of%20Satan,https://fark.com/users/Pointy%20Tail%20of%20Satan,361065,2007-09-18,14,26
Lexx,Lexx,https://fark.com/users/Lexx,263311,2005-12-20,16,None
Hey Nurse!,Hey%20Nurse%21,https://fark.com/users/Hey%20Nurse%21,1021922,2017-12-30,4,None
patrick767,patrick767,https://fark.com/users/patrick767,202131,2004-12-21,17,24
Thudfark,Thudfark,https://fark.com/users/Thudfark,435129,2008-10-14,13,246
foo monkey,foo%20monkey,https://fark.com/users/foo%20monkey,248942,2005-09-20,16,148
GrizzlyPouch,GrizzlyPouch,https://fark.com/users/GrizzlyPouch,796445,2012-06-29,9,1
Liadan,Liadan,https://fark.com/users/Liadan,1035253,2018-05-29,3,None
maxandgrinch,maxandgrinch,https://fark.com/users/maxandgrinch,187617,2004-10-08,17,60
Pointy Tail of Satan,Pointy%20Tail%20of%20Satan,https://fark.com/users/Pointy%20Tail%20of%20Satan,361065,2007-09-18,14,26
groppet,groppet,https://fark.com/users/groppet,697272,2011-08-13,10,196
buserror,buserror,https://fark.com/users/buserror,259275,2005-11-26,16,None
GrizzlyPouch,GrizzlyPouch,https://fark.com/users/GrizzlyPouch,796445,2012-06-29,9,1
TrashcanMan,TrashcanMan,https://fark.com/users/TrashcanMan,233043,2005-06-16,16,None
proteus_b,proteus_b,https://fark.com/users/proteus_b,233777,2005-06-21,16,2
patrick767,patrick767,https://fark.com/users/patrick767,202131,2004-12-21,17,24
emersonbiggins,emersonbiggins,https://fark.com/users/emersonbiggins,325096,2007-02-09,14,23
kdawg7736,kdawg7736,https://fark.com/users/kdawg7736,412992,2008-06-29,13,10047
Valter,Valter,https://fark.com/users/Valter,1239419,2021-09-23,0,None
Headso,Headso,https://fark.com/users/Headso,232044,2005-06-10,16,None
Burke Turkey,Burke%20Turkey,https://fark.com/users/Burke%20Turkey,566262,2010-06-03,11,1
HotWingConspiracy,HotWingConspiracy,https://fark.com/users/HotWingConspiracy,112440,2003-10-02,18,67
guestguy,guestguy,https://fark.com/users/guestguy,413430,2008-07-01,13,1
Heamer,Heamer,https://fark.com/users/Heamer,150105,2004-04-05,17,430
HailRobonia,HailRobonia,https://fark.com/users/HailRobonia,573951,2010-07-02,11,None
Kirby Delauter,Kirby%20Delauter,https://fark.com/users/Kirby%20Delauter,925711,2015-01-06,6,22
Kit Fister,Kit%20Fister,https://fark.com/users/Kit%20Fister,676973,2011-06-14,10,272
sniderman,sniderman,https://fark.com/users/sniderman,139185,2004-02-13,17,23
emersonbiggins,emersonbiggins,https://fark.com/users/emersonbiggins,325096,2007-02-09,14,23
Unobtanium,Unobtanium,https://fark.com/users/Unobtanium,312568,2006-11-16,15,179
Harry Freakstorm,Harry%20Freakstorm,https://fark.com/users/Harry%20Freakstorm,266987,2006-01-13,15,159
151,151,https://fark.com/users/151,90136,2003-05-10,18,13
Kit Fister,Kit%20Fister,https://fark.com/users/Kit%20Fister,676973,2011-06-14,10,272
Kit Fister,Kit%20Fister,https://fark.com/users/Kit%20Fister,676973,2011-06-14,10,272
Chemlight Battery,Chemlight%20Battery,https://fark.com/users/Chemlight%20Battery,994703,2017-02-19,4,5
JS64,JS64,https://fark.com/users/JS64,1240370,2021-09-27,0,None
TastyEloi,TastyEloi,https://fark.com/users/TastyEloi,359185,2007-09-06,14,None
Exile On Beale Street,Exile%20On%20Beale%20Street,https://fark.com/users/Exile%20On%20Beale%20Street,938291,2015-05-21,6,None
Kit Fister,Kit%20Fister,https://fark.com/users/Kit%20Fister,676973,2011-06-14,10,272
icon0fs1n,icon0fs1n,https://fark.com/users/icon0fs1n,260825,2005-12-06,16,1
Marcos P,Marcos%20P,https://fark.com/users/Marcos%20P,213552,2005-02-17,16,26
Flowery Twats,Flowery%20Twats,https://fark.com/users/Flowery%20Twats,1145491,2020-12-22,1,None
Zik-Zak,Zik-Zak,https://fark.com/users/Zik-Zak,381817,2008-01-17,13,7
Zik-Zak,Zik-Zak,https://fark.com/users/Zik-Zak,381817,2008-01-17,13,7
Geotpf,Geotpf,https://fark.com/users/Geotpf,85890,2003-04-15,18,140
thespindrifter,thespindrifter,https://fark.com/users/thespindrifter,177018,2004-08-16,17,30
jso2897,jso2897,https://fark.com/users/jso2897,302118,2006-09-02,15,2
R2112,R2112,https://fark.com/users/R2112,347768,2007-06-29,14,82
Resident Muslim,Resident%20Muslim,https://fark.com/users/Resident%20Muslim,471261,2009-04-29,12,233
jimjays,jimjays,https://fark.com/users/jimjays,1081214,2019-08-11,2,None
WereBear666,WereBear666,https://fark.com/users/WereBear666,385648,2008-02-06,13,5
Marcos P,Marcos%20P,https://fark.com/users/Marcos%20P,213552,2005-02-17,16,26
big pig peaches,big%20pig%20peaches,https://fark.com/users/big%20pig%20peaches,354317,2007-08-07,14,8
Hobo as a nerd,Hobo%20as%20a%20nerd,https://fark.com/users/Hobo%20as%20a%20nerd,974426,2016-07-06,5,None
aungen,aungen,https://fark.com/users/aungen,780689,2012-05-01,9,37
BigNumber12,BigNumber12,https://fark.com/users/BigNumber12,449253,2008-12-27,13,517
Somaticasual,Somaticasual,https://fark.com/users/Somaticasual,390594,2008-03-01,13,7
giantmeteor,giantmeteor,https://fark.com/users/giantmeteor,995979,2017-03-05,4,137
fragMasterFlash,fragMasterFlash,https://fark.com/users/fragMasterFlash,214081,2005-02-20,16,212
SumoJeb,SumoJeb,https://fark.com/users/SumoJeb,65091,2002-12-10,19,57
macadamnut,macadamnut,https://fark.com/users/macadamnut,405451,2008-05-20,13,None
DoganSquirrelSlayer,DoganSquirrelSlayer,https://fark.com/users/DoganSquirrelSlayer,1091309,2019-11-07,2,None
TFerWannaBe,TFerWannaBe,https://fark.com/users/TFerWannaBe,401941,2008-05-01,13,None
whidbey,whidbey,https://fark.com/users/whidbey,62272,2002-11-16,19,9
Numberlady2,Numberlady2,https://fark.com/users/Numberlady2,1144280,2020-12-14,1,5
mrspeacock,mrspeacock,https://fark.com/users/mrspeacock,180111,2004-08-31,17,None
punkwrestler,punkwrestler,https://fark.com/users/punkwrestler,574104,2010-07-03,11,28
whidbey,whidbey,https://fark.com/users/whidbey,62272,2002-11-16,19,9
JRoo,JRoo,https://fark.com/users/JRoo,334514,2007-04-16,14,2
soupafi,soupafi,https://fark.com/users/soupafi,688942,2011-07-20,10,77
Solty Dog,Solty%20Dog,https://fark.com/users/Solty%20Dog,234398,2005-06-24,16,8
stuffy,stuffy,https://fark.com/users/stuffy,53486,2002-09-08,19,3
bobbifleckman,bobbifleckman,https://fark.com/users/bobbifleckman,71666,2003-01-23,18,1
EasilyDistracted,EasilyDistracted,https://fark.com/users/EasilyDistracted,312722,2006-11-17,15,11
dennysgod,dennysgod,https://fark.com/users/dennysgod,281312,2006-04-13,15,369
whidbey,whidbey,https://fark.com/users/whidbey,62272,2002-11-16,19,9
OgreMagi,OgreMagi,https://fark.com/users/OgreMagi,401241,2008-04-27,13,6
Rattrap007,Rattrap007,https://fark.com/users/Rattrap007,270717,2006-02-04,15,6
dennysgod,dennysgod,https://fark.com/users/dennysgod,281312,2006-04-13,15,369
talkyournonsense,talkyournonsense,https://fark.com/users/talkyournonsense,1138236,2020-10-31,1,2
hobnail,hobnail,https://fark.com/users/hobnail,285317,2006-05-10,15,89
hobnail,hobnail,https://fark.com/users/hobnail,285317,2006-05-10,15,89
romulusnr,romulusnr,https://fark.com/users/romulusnr,11970,2001-10-19,20,None
iodized attic salt,iodized%20attic%20salt,https://fark.com/users/iodized%20attic%20salt,937541,2015-05-12,6,None
vudukungfu,vudukungfu,https://fark.com/users/vudukungfu,96647,2003-06-21,18,2280
TommyDeuce,TommyDeuce,https://fark.com/users/TommyDeuce,297552,2006-08-03,15,166
Madman drummers bummers,Madman%20drummers%20bummers,https://fark.com/users/Madman%20drummers%20bummers,347116,2007-06-26,14,22
NINEv2,NINEv2,https://fark.com/users/NINEv2,967592,2016-04-16,5,78
SirDigbyChickenCaesar,SirDigbyChickenCaesar,https://fark.com/users/SirDigbyChickenCaesar,756951,2012-02-22,9,20
BigNumber12,BigNumber12,https://fark.com/users/BigNumber12,449253,2008-12-27,13,517
fragMasterFlash,fragMasterFlash,https://fark.com/users/fragMasterFlash,214081,2005-02-20,16,212
The Irresponsible Captain,The%20Irresponsible%20Captain,https://fark.com/users/The%20Irresponsible%20Captain,561405,2010-05-13,11,13
foo monkey,foo%20monkey,https://fark.com/users/foo%20monkey,248942,2005-09-20,16,148
WTFDYW,WTFDYW,https://fark.com/users/WTFDYW,336805,2007-04-28,14,1
The Irresponsible Captain,The%20Irresponsible%20Captain,https://fark.com/users/The%20Irresponsible%20Captain,561405,2010-05-13,11,13
Kit Fister,Kit%20Fister,https://fark.com/users/Kit%20Fister,676973,2011-06-14,10,272
guestguy,guestguy,https://fark.com/users/guestguy,413430,2008-07-01,13,1
Explodo,Explodo,https://fark.com/users/Explodo,357405,2007-08-25,14,None
gunther_bumpass,gunther_bumpass,https://fark.com/users/gunther_bumpass,426350,2008-09-03,13,2
AAAAGGGGHHHH,AAAAGGGGHHHH,https://fark.com/users/AAAAGGGGHHHH,1091078,2019-11-06,2,129
rightClick,rightClick,https://fark.com/users/rightClick,989710,2016-12-31,5,None
Destructor,Destructor,https://fark.com/users/Destructor,330627,2007-03-17,14,398
Someone Else's Alt,Someone%20Else%27s%20Alt,https://fark.com/users/Someone%20Else%27s%20Alt,1010369,2017-08-18,4,1
Obituary Birthday,Obituary%20Birthday,https://fark.com/users/Obituary%20Birthday,580621,2010-07-27,11,None
LordOfThePings,LordOfThePings,https://fark.com/users/LordOfThePings,25290,2002-02-26,19,10
bronskrat,bronskrat,https://fark.com/users/bronskrat,94959,2003-06-11,18,2
fat boy,fat%20boy,https://fark.com/users/fat%20boy,142831,2004-03-02,17,102
RolandTGunner,RolandTGunner,https://fark.com/users/RolandTGunner,513412,2009-11-10,12,5
Chompachangas,Chompachangas,https://fark.com/users/Chompachangas,969470,2016-05-09,5,5
DaMoGan,DaMoGan,https://fark.com/users/DaMoGan,183649,2004-09-14,17,None
iamskibibitz,iamskibibitz,https://fark.com/users/iamskibibitz,381714,2008-01-16,13,None
KarmicDisaster,KarmicDisaster,https://fark.com/users/KarmicDisaster,206530,2005-01-14,16,5
SirDigbyChickenCaesar,SirDigbyChickenCaesar,https://fark.com/users/SirDigbyChickenCaesar,756951,2012-02-22,9,20
baronbloodbath,baronbloodbath,https://fark.com/users/baronbloodbath,532591,2010-01-23,11,23
Another Government Employee,Another%20Government%20Employee,https://fark.com/users/Another%20Government%20Employee,96270,2003-06-19,18,15
Private_Citizen,Private_Citizen,https://fark.com/users/Private_Citizen,672778,2011-06-01,10,103
greggerm,greggerm,https://fark.com/users/greggerm,199994,2004-12-10,17,None
thespindrifter,thespindrifter,https://fark.com/users/thespindrifter,177018,2004-08-16,17,30
thespindrifter,thespindrifter,https://fark.com/users/thespindrifter,177018,2004-08-16,17,30
SimonElectric,SimonElectric,https://fark.com/users/SimonElectric,1014937,2017-10-12,4,None
fat boy,fat%20boy,https://fark.com/users/fat%20boy,142831,2004-03-02,17,102
runwiz,runwiz,https://fark.com/users/runwiz,626429,2011-01-06,10,155
xxBirdMadGirlxx,xxBirdMadGirlxx,https://fark.com/users/xxBirdMadGirlxx,354647,2007-08-09,14,None
Wine Sipping Elitist,Wine%20Sipping%20Elitist,https://fark.com/users/Wine%20Sipping%20Elitist,419340,2008-07-30,13,2
romulusnr,romulusnr,https://fark.com/users/romulusnr,11970,2001-10-19,20,None
Cheesehead_Dave,Cheesehead_Dave,https://fark.com/users/Cheesehead_Dave,259252,2005-11-26,16,313
Anoria,Anoria,https://fark.com/users/Anoria,513349,2009-11-10,12,4
Mr. Coffee Nerves,Mr.%20Coffee%20Nerves,https://fark.com/users/Mr.%20Coffee%20Nerves,95669,2003-06-16,18,64
dothemath,dothemath,https://fark.com/users/dothemath,376558,2007-12-17,14,None
Packard Walsh,Packard%20Walsh,https://fark.com/users/Packard%20Walsh,770633,2012-04-03,9,None
raulzero,raulzero,https://fark.com/users/raulzero,372228,2007-11-21,14,None
Brian Blessed's Bastard Boy,Brian%20Blessed%27s%20Bastard%20Boy,https://fark.com/users/Brian%20Blessed%27s%20Bastard%20Boy,792865,2012-06-15,9,5
Mock26,Mock26,https://fark.com/users/Mock26,451880,2009-01-12,12,41
Madman drummers bummers,Madman%20drummers%20bummers,https://fark.com/users/Madman%20drummers%20bummers,347116,2007-06-26,14,22
macadamnut,macadamnut,https://fark.com/users/macadamnut,405451,2008-05-20,13,None
guestguy,guestguy,https://fark.com/users/guestguy,413430,2008-07-01,13,1
Mock26,Mock26,https://fark.com/users/Mock26,451880,2009-01-12,12,41
NM Volunteer,NM%20Volunteer,https://fark.com/users/NM%20Volunteer,1118916,2020-06-17,1,43
151,151,https://fark.com/users/151,90136,2003-05-10,18,13
Somaticasual,Somaticasual,https://fark.com/users/Somaticasual,390594,2008-03-01,13,7
Number 216,Number%20216,https://fark.com/users/Number%20216,490974,2009-08-04,12,109
OtherLittleGuy,OtherLittleGuy,https://fark.com/users/OtherLittleGuy,215513,2005-02-27,16,387
LordOfThePings,LordOfThePings,https://fark.com/users/LordOfThePings,25290,2002-02-26,19,10
White_Scarf_Syndrome,White_Scarf_Syndrome,https://fark.com/users/White_Scarf_Syndrome,285761,2006-05-13,15,None
Somaticasual,Somaticasual,https://fark.com/users/Somaticasual,390594,2008-03-01,13,7
doctorguilty,doctorguilty,https://fark.com/users/doctorguilty,283241,2006-04-26,15,47
ArcadianRefugee,ArcadianRefugee,https://fark.com/users/ArcadianRefugee,151269,2004-04-10,17,5
tom baker's scarf,tom%20baker%27s%20scarf,https://fark.com/users/tom%20baker%27s%20scarf,670170,2011-05-24,10,1
tom baker's scarf,tom%20baker%27s%20scarf,https://fark.com/users/tom%20baker%27s%20scarf,670170,2011-05-24,10,1
Arkanaut,Arkanaut,https://fark.com/users/Arkanaut,386168,2008-02-08,13,106
socalnewwaver,socalnewwaver,https://fark.com/users/socalnewwaver,53702,2002-09-10,19,444
Pista,Pista,https://fark.com/users/Pista,738468,2011-12-25,10,988
socalnewwaver,socalnewwaver,https://fark.com/users/socalnewwaver,53702,2002-09-10,19,444
Pista,Pista,https://fark.com/users/Pista,738468,2011-12-25,10,988
Madison_Smiled,Madison_Smiled,https://fark.com/users/Madison_Smiled,423030,2008-08-18,13,None
Pista,Pista,https://fark.com/users/Pista,738468,2011-12-25,10,988
socalnewwaver,socalnewwaver,https://fark.com/users/socalnewwaver,53702,2002-09-10,19,444
jasonvatch,jasonvatch,https://fark.com/users/jasonvatch,213064,2005-02-15,16,28
Madison_Smiled,Madison_Smiled,https://fark.com/users/Madison_Smiled,423030,2008-08-18,13,None
Uranus,Uranus,https://fark.com/users/Uranus,137459,2004-02-06,17,116
STRYPERSWINE,STRYPERSWINE,https://fark.com/users/STRYPERSWINE,50086,2002-08-16,19,1
ANDizzleWI,ANDizzleWI,https://fark.com/users/ANDizzleWI,1054351,2018-12-15,3,None
socalnewwaver,socalnewwaver,https://fark.com/users/socalnewwaver,53702,2002-09-10,19,444
Madison_Smiled,Madison_Smiled,https://fark.com/users/Madison_Smiled,423030,2008-08-18,13,None
socalnewwaver,socalnewwaver,https://fark.com/users/socalnewwaver,53702,2002-09-10,19,444
Pista,Pista,https://fark.com/users/Pista,738468,2011-12-25,10,988
west.la.lawyer,west.la.lawyer,https://fark.com/users/west.la.lawyer,1011072,2017-08-28,4,5
Uranus,Uranus,https://fark.com/users/Uranus,137459,2004-02-06,17,116
Madison_Smiled,Madison_Smiled,https://fark.com/users/Madison_Smiled,423030,2008-08-18,13,None
Lioness7,Lioness7,https://fark.com/users/Lioness7,1209584,2021-07-07,0,None
socalnewwaver,socalnewwaver,https://fark.com/users/socalnewwaver,53702,2002-09-10,19,444
Lioness7,Lioness7,https://fark.com/users/Lioness7,1209584,2021-07-07,0,None
Madison_Smiled,Madison_Smiled,https://fark.com/users/Madison_Smiled,423030,2008-08-18,13,None
Lioness7,Lioness7,https://fark.com/users/Lioness7,1209584,2021-07-07,0,None
Pista,Pista,https://fark.com/users/Pista,738468,2011-12-25,10,988
Madison_Smiled,Madison_Smiled,https://fark.com/users/Madison_Smiled,423030,2008-08-18,13,None
NeoMoxie,NeoMoxie,https://fark.com/users/NeoMoxie,427806,2008-09-10,13,2
ANDizzleWI,ANDizzleWI,https://fark.com/users/ANDizzleWI,1054351,2018-12-15,3,None
west.la.lawyer,west.la.lawyer,https://fark.com/users/west.la.lawyer,1011072,2017-08-28,4,5
socalnewwaver,socalnewwaver,https://fark.com/users/socalnewwaver,53702,2002-09-10,19,444
Pista,Pista,https://fark.com/users/Pista,738468,2011-12-25,10,988
pc_gator,pc_gator,https://fark.com/users/pc_gator,177064,2004-08-16,17,1
Pista,Pista,https://fark.com/users/Pista,738468,2011-12-25,10,988
djslowdive,djslowdive,https://fark.com/users/djslowdive,250444,2005-09-29,16,5
Pista,Pista,https://fark.com/users/Pista,738468,2011-12-25,10,988
pc_gator,pc_gator,https://fark.com/users/pc_gator,177064,2004-08-16,17,1
djslowdive,djslowdive,https://fark.com/users/djslowdive,250444,2005-09-29,16,5
Pista,Pista,https://fark.com/users/Pista,738468,2011-12-25,10,988
Madison_Smiled,Madison_Smiled,https://fark.com/users/Madison_Smiled,423030,2008-08-18,13,None
djslowdive,djslowdive,https://fark.com/users/djslowdive,250444,2005-09-29,16,5
NeoMoxie,NeoMoxie,https://fark.com/users/NeoMoxie,427806,2008-09-10,13,2
Pista,Pista,https://fark.com/users/Pista,738468,2011-12-25,10,988
jasonvatch,jasonvatch,https://fark.com/users/jasonvatch,213064,2005-02-15,16,28
Lioness7,Lioness7,https://fark.com/users/Lioness7,1209584,2021-07-07,0,None
Pista,Pista,https://fark.com/users/Pista,738468,2011-12-25,10,988
Madison_Smiled,Madison_Smiled,https://fark.com/users/Madison_Smiled,423030,2008-08-18,13,None
Pista,Pista,https://fark.com/users/Pista,738468,2011-12-25,10,988
NeoMoxie,NeoMoxie,https://fark.com/users/NeoMoxie,427806,2008-09-10,13,2
Madison_Smiled,Madison_Smiled,https://fark.com/users/Madison_Smiled,423030,2008-08-18,13,None
Pista,Pista,https://fark.com/users/Pista,738468,2011-12-25,10,988
Psychopusher,Psychopusher,https://fark.com/users/Psychopusher,356646,2007-08-21,14,None
cryinoutloud,cryinoutloud,https://fark.com/users/cryinoutloud,46773,2002-07-23,19,11
Sorelian's Ghost,Sorelian%27s%20Ghost,https://fark.com/users/Sorelian%27s%20Ghost,985084,2016-11-08,5,14
guestguy,guestguy,https://fark.com/users/guestguy,413430,2008-07-01,13,1
AAAAGGGGHHHH,AAAAGGGGHHHH,https://fark.com/users/AAAAGGGGHHHH,1091078,2019-11-06,2,129
Mega Steve,Mega%20Steve,https://fark.com/users/Mega%20Steve,244580,2005-08-25,16,8
BigNumber12,BigNumber12,https://fark.com/users/BigNumber12,449253,2008-12-27,13,517
KRSESQ,KRSESQ,https://fark.com/users/KRSESQ,34996,2002-05-01,19,2
Some Junkie Cosmonaut,Some%20Junkie%20Cosmonaut,https://fark.com/users/Some%20Junkie%20Cosmonaut,618063,2010-12-05,11,None
Chemlight Battery,Chemlight%20Battery,https://fark.com/users/Chemlight%20Battery,994703,2017-02-19,4,5
swankywanky,swankywanky,https://fark.com/users/swankywanky,131083,2004-01-08,17,21
RepoManTSM,RepoManTSM,https://fark.com/users/RepoManTSM,460611,2009-02-28,12,None
Hey Nurse!,Hey%20Nurse%21,https://fark.com/users/Hey%20Nurse%21,1021922,2017-12-30,4,None
RepoManTSM,RepoManTSM,https://fark.com/users/RepoManTSM,460611,2009-02-28,12,None
shut_it_down,shut_it_down,https://fark.com/users/shut_it_down,453552,2009-01-21,12,None
kbronsito,kbronsito,https://fark.com/users/kbronsito,503929,2009-10-08,12,518
CFitzsimmons,CFitzsimmons,https://fark.com/users/CFitzsimmons,308772,2006-10-19,15,None
NM Volunteer,NM%20Volunteer,https://fark.com/users/NM%20Volunteer,1118916,2020-06-17,1,43
Valter,Valter,https://fark.com/users/Valter,1239419,2021-09-23,0,None
yet_another_wumpus,yet_another_wumpus,https://fark.com/users/yet_another_wumpus,618996,2010-12-08,11,None
apotheosis27,apotheosis27,https://fark.com/users/apotheosis27,277172,2006-03-15,15,None
Solty Dog,Solty%20Dog,https://fark.com/users/Solty%20Dog,234398,2005-06-24,16,8
shut_it_down,shut_it_down,https://fark.com/users/shut_it_down,453552,2009-01-21,12,None
farkitallletitend,farkitallletitend,https://fark.com/users/farkitallletitend,1225778,2021-08-17,0,None
groppet,groppet,https://fark.com/users/groppet,697272,2011-08-13,10,196
Cafe Threads,Cafe%20Threads,https://fark.com/users/Cafe%20Threads,1094256,2019-12-03,2,34
stuffy,stuffy,https://fark.com/users/stuffy,53486,2002-09-08,19,3
Miss_Dorothy_Kilgallen,Miss_Dorothy_Kilgallen,https://fark.com/users/Miss_Dorothy_Kilgallen,1076814,2019-07-08,2,196
I Swear I'll Jump,I%20Swear%20I%27ll%20Jump,https://fark.com/users/I%20Swear%20I%27ll%20Jump,1105290,2020-03-03,1,None
Merltech,Merltech,https://fark.com/users/Merltech,1205,2001-01-22,20,95
rnatalie,rnatalie,https://fark.com/users/rnatalie,122511,2003-11-24,18,2033
guestguy,guestguy,https://fark.com/users/guestguy,413430,2008-07-01,13,1
Gleeman,Gleeman,https://fark.com/users/Gleeman,550709,2010-03-31,11,98
emersonbiggins,emersonbiggins,https://fark.com/users/emersonbiggins,325096,2007-02-09,14,23
dothemath,dothemath,https://fark.com/users/dothemath,376558,2007-12-17,14,None
SpectroBoy,SpectroBoy,https://fark.com/users/SpectroBoy,73694,2003-02-04,18,76
ImpendingCynic,ImpendingCynic,https://fark.com/users/ImpendingCynic,357269,2007-08-24,14,18
Somaticasual,Somaticasual,https://fark.com/users/Somaticasual,390594,2008-03-01,13,7
janzee,janzee,https://fark.com/users/janzee,553103,2010-04-09,11,1
xaldin,xaldin,https://fark.com/users/xaldin,94400,2003-06-08,18,None
Norfolking Chance,Norfolking%20Chance,https://fark.com/users/Norfolking%20Chance,687807,2011-07-17,10,52
AlgaeRancher,AlgaeRancher,https://fark.com/users/AlgaeRancher,92001,2003-05-23,18,2
Geotpf,Geotpf,https://fark.com/users/Geotpf,85890,2003-04-15,18,140
chawco,chawco,https://fark.com/users/chawco,937168,2015-05-08,6,39
kbronsito,kbronsito,https://fark.com/users/kbronsito,503929,2009-10-08,12,518
dothemath,dothemath,https://fark.com/users/dothemath,376558,2007-12-17,14,None
kbronsito,kbronsito,https://fark.com/users/kbronsito,503929,2009-10-08,12,518
tobcc,tobcc,https://fark.com/users/tobcc,55822,2002-09-26,19,45
groppet,groppet,https://fark.com/users/groppet,697272,2011-08-13,10,196
QFarker,QFarker,https://fark.com/users/QFarker,302391,2006-09-04,15,None
FarkingReading,FarkingReading,https://fark.com/users/FarkingReading,140007,2004-02-17,17,17
Oliver Twisted,Oliver%20Twisted,https://fark.com/users/Oliver%20Twisted,139966,2004-02-17,17,8
zimbomba63,zimbomba63,https://fark.com/users/zimbomba63,875487,2013-09-01,8,1
SirDigbyChickenCaesar,SirDigbyChickenCaesar,https://fark.com/users/SirDigbyChickenCaesar,756951,2012-02-22,9,20
DecemberNitro,DecemberNitro,https://fark.com/users/DecemberNitro,197044,2004-11-24,17,None
Mad-n-FL,Mad-n-FL,https://fark.com/users/Mad-n-FL,290697,2006-06-16,15,3
Mad-n-FL,Mad-n-FL,https://fark.com/users/Mad-n-FL,290697,2006-06-16,15,3
Turbo Cojones,Turbo%20Cojones,https://fark.com/users/Turbo%20Cojones,277640,2006-03-18,15,5
apotheosis27,apotheosis27,https://fark.com/users/apotheosis27,277172,2006-03-15,15,None
Merltech,Merltech,https://fark.com/users/Merltech,1205,2001-01-22,20,95
emersonbiggins,emersonbiggins,https://fark.com/users/emersonbiggins,325096,2007-02-09,14,23
focusthis,focusthis,https://fark.com/users/focusthis,327951,2007-02-27,14,None
studebaker hoch,studebaker%20hoch,https://fark.com/users/studebaker%20hoch,202787,2004-12-25,17,197
Snort,Snort,https://fark.com/users/Snort,7650,2001-08-27,20,130
QFarker,QFarker,https://fark.com/users/QFarker,302391,2006-09-04,15,None
namegoeshere,namegoeshere,https://fark.com/users/namegoeshere,359928,2007-09-11,14,15
DecemberNitro,DecemberNitro,https://fark.com/users/DecemberNitro,197044,2004-11-24,17,None
Lambskincoat,Lambskincoat,https://fark.com/users/Lambskincoat,391548,2008-03-06,13,None
MrHormel,MrHormel,https://fark.com/users/MrHormel,2596,2001-04-17,20,4
mcreadyblue,mcreadyblue,https://fark.com/users/mcreadyblue,127925,2003-12-22,18,24
dothemath,dothemath,https://fark.com/users/dothemath,376558,2007-12-17,14,None
Incog_Neeto,Incog_Neeto,https://fark.com/users/Incog_Neeto,637282,2011-02-14,10,2
Boojum2k,Boojum2k,https://fark.com/users/Boojum2k,199005,2004-12-05,17,16
ColonelCathcart,ColonelCathcart,https://fark.com/users/ColonelCathcart,520417,2009-12-09,12,218
MusicMakeMyHeadPound,MusicMakeMyHeadPound,https://fark.com/users/MusicMakeMyHeadPound,121181,2003-11-18,18,19
dothemath,dothemath,https://fark.com/users/dothemath,376558,2007-12-17,14,None
guestguy,guestguy,https://fark.com/users/guestguy,413430,2008-07-01,13,1
Gunner's Mate First Class Phillip Asshole,Gunner%27s%20Mate%20First%20Class%20Phillip%20Asshole,https://fark.com/users/Gunner%27s%20Mate%20First%20Class%20Phillip%20Asshole,906627,2014-06-05,7,None
Pats_Cloth_Coat,Pats_Cloth_Coat,https://fark.com/users/Pats_Cloth_Coat,831556,2012-12-28,9,401
SpectroBoy,SpectroBoy,https://fark.com/users/SpectroBoy,73694,2003-02-04,18,76
cakeman,cakeman,https://fark.com/users/cakeman,453305,2009-01-20,12,None
SpectroBoy,SpectroBoy,https://fark.com/users/SpectroBoy,73694,2003-02-04,18,76
SpectroBoy,SpectroBoy,https://fark.com/users/SpectroBoy,73694,2003-02-04,18,76
drjekel_mrhyde,drjekel_mrhyde,https://fark.com/users/drjekel_mrhyde,316733,2006-12-15,15,85
chawco,chawco,https://fark.com/users/chawco,937168,2015-05-08,6,39
Sentient,Sentient,https://fark.com/users/Sentient,16589,2001-12-10,20,1
Mad-n-FL,Mad-n-FL,https://fark.com/users/Mad-n-FL,290697,2006-06-16,15,3
Watubi,Watubi,https://fark.com/users/Watubi,830844,2012-12-24,9,6
Mad-n-FL,Mad-n-FL,https://fark.com/users/Mad-n-FL,290697,2006-06-16,15,3
mrmopar5287,mrmopar5287,https://fark.com/users/mrmopar5287,288822,2006-06-04,15,147
mrmopar5287,mrmopar5287,https://fark.com/users/mrmopar5287,288822,2006-06-04,15,147
nitropissering,nitropissering,https://fark.com/users/nitropissering,1000862,2017-04-30,4,None
thedumbone,thedumbone,https://fark.com/users/thedumbone,816671,2012-10-01,9,None
thedumbone,thedumbone,https://fark.com/users/thedumbone,816671,2012-10-01,9,None
big pig peaches,big%20pig%20peaches,https://fark.com/users/big%20pig%20peaches,354317,2007-08-07,14,8
zjoik,zjoik,https://fark.com/users/zjoik,367402,2007-10-24,14,6
Tell Me How My Blog Tastes,Tell%20Me%20How%20My%20Blog%20Tastes,https://fark.com/users/Tell%20Me%20How%20My%20Blog%20Tastes,554077,2010-04-13,11,383
mrmopar5287,mrmopar5287,https://fark.com/users/mrmopar5287,288822,2006-06-04,15,147
vonster,vonster,https://fark.com/users/vonster,285696,2006-05-12,15,None
Arkkuss,Arkkuss,https://fark.com/users/Arkkuss,1208045,2021-07-03,0,1
Smackledorfer,Smackledorfer,https://fark.com/users/Smackledorfer,445602,2008-12-05,13,2
Smackledorfer,Smackledorfer,https://fark.com/users/Smackledorfer,445602,2008-12-05,13,2
Boojum2k,Boojum2k,https://fark.com/users/Boojum2k,199005,2004-12-05,17,16
rewind2846,rewind2846,https://fark.com/users/rewind2846,195547,2004-11-17,17,33
Winston Smith '84,Winston%20Smith%20%2784,https://fark.com/users/Winston%20Smith%20%2784,249900,2005-09-26,16,None
MusicMakeMyHeadPound,MusicMakeMyHeadPound,https://fark.com/users/MusicMakeMyHeadPound,121181,2003-11-18,18,19
ColonelCathcart,ColonelCathcart,https://fark.com/users/ColonelCathcart,520417,2009-12-09,12,218
Lambskincoat,Lambskincoat,https://fark.com/users/Lambskincoat,391548,2008-03-06,13,None
indylaw,indylaw,https://fark.com/users/indylaw,110082,2003-09-17,18,3
ColonelCathcart,ColonelCathcart,https://fark.com/users/ColonelCathcart,520417,2009-12-09,12,218
Smackledorfer,Smackledorfer,https://fark.com/users/Smackledorfer,445602,2008-12-05,13,2
Do you know the way to Mordor,Do%20you%20know%20the%20way%20to%20Mordor,https://fark.com/users/Do%20you%20know%20the%20way%20to%20Mordor,272582,2006-02-16,15,8
I Browse,I%20Browse,https://fark.com/users/I%20Browse,704353,2011-09-05,10,27
Winston Smith '84,Winston%20Smith%20%2784,https://fark.com/users/Winston%20Smith%20%2784,249900,2005-09-26,16,None
Loreweaver,Loreweaver,https://fark.com/users/Loreweaver,190925,2004-10-24,17,1
Lambskincoat,Lambskincoat,https://fark.com/users/Lambskincoat,391548,2008-03-06,13,None
SpectroBoy,SpectroBoy,https://fark.com/users/SpectroBoy,73694,2003-02-04,18,76
Somacandra,Somacandra,https://fark.com/users/Somacandra,283421,2006-04-27,15,226
dothemath,dothemath,https://fark.com/users/dothemath,376558,2007-12-17,14,None
Cormee,Cormee,https://fark.com/users/Cormee,1829,2001-03-09,20,194
jaivirtualcard,jaivirtualcard,https://fark.com/users/jaivirtualcard,1230300,2021-08-26,0,None
WTP 2,WTP%202,https://fark.com/users/WTP%202,658884,2011-04-18,10,None
beyondmycontrol,beyondmycontrol,https://fark.com/users/beyondmycontrol,416496,2008-07-16,13,None
macadamnut,macadamnut,https://fark.com/users/macadamnut,405451,2008-05-20,13,None
SirEattonHogg,SirEattonHogg,https://fark.com/users/SirEattonHogg,462237,2009-03-10,12,None
Grungehamster,Grungehamster,https://fark.com/users/Grungehamster,450134,2009-01-02,12,33
BitwiseShift,BitwiseShift,https://fark.com/users/BitwiseShift,156550,2004-05-07,17,37
Loris,Loris,https://fark.com/users/Loris,508507,2009-10-22,12,None
Madman drummers bummers,Madman%20drummers%20bummers,https://fark.com/users/Madman%20drummers%20bummers,347116,2007-06-26,14,22
Electrify,Electrify,https://fark.com/users/Electrify,211068,2005-02-05,16,111
Incog_Neeto,Incog_Neeto,https://fark.com/users/Incog_Neeto,637282,2011-02-14,10,2
Boo_Guy,Boo_Guy,https://fark.com/users/Boo_Guy,355513,2007-08-14,14,111
LOLITROLU,LOLITROLU,https://fark.com/users/LOLITROLU,984414,2016-10-31,5,1
Boojum2k,Boojum2k,https://fark.com/users/Boojum2k,199005,2004-12-05,17,16
Enigmamf,Enigmamf,https://fark.com/users/Enigmamf,363,2000-08-26,21,44
Lab Monkey,Lab%20Monkey,https://fark.com/users/Lab%20Monkey,140194,2004-02-18,17,None
ArcadianRefugee,ArcadianRefugee,https://fark.com/users/ArcadianRefugee,151269,2004-04-10,17,5
BorgiaGinz,BorgiaGinz,https://fark.com/users/BorgiaGinz,268596,2006-01-23,15,None
macadamnut,macadamnut,https://fark.com/users/macadamnut,405451,2008-05-20,13,None
Norfolking Chance,Norfolking%20Chance,https://fark.com/users/Norfolking%20Chance,687807,2011-07-17,10,52
genner,genner,https://fark.com/users/genner,446767,2008-12-11,13,None
phalamir,phalamir,https://fark.com/users/phalamir,309095,2006-10-22,15,178
Pert,Pert,https://fark.com/users/Pert,187157,2004-10-06,17,333
anuran,anuran,https://fark.com/users/anuran,536770,2010-02-07,11,99
Latinwolf,Latinwolf,https://fark.com/users/Latinwolf,462985,2009-03-13,12,8
Latinwolf,Latinwolf,https://fark.com/users/Latinwolf,462985,2009-03-13,12,8
Gordon Bennett,Gordon%20Bennett,https://fark.com/users/Gordon%20Bennett,245500,2005-08-31,16,20
cravak,cravak,https://fark.com/users/cravak,222156,2005-04-09,16,1
Mississippi Mud,Mississippi%20Mud,https://fark.com/users/Mississippi%20Mud,894814,2014-02-21,7,None
TheReject,TheReject,https://fark.com/users/TheReject,64545,2002-12-06,19,None
TommyDeuce,TommyDeuce,https://fark.com/users/TommyDeuce,297552,2006-08-03,15,166
Abe Vigoda's Ghost,Abe%20Vigoda%27s%20Ghost,https://fark.com/users/Abe%20Vigoda%27s%20Ghost,235201,2005-06-29,16,24
tom baker's scarf,tom%20baker%27s%20scarf,https://fark.com/users/tom%20baker%27s%20scarf,670170,2011-05-24,10,1
d.giro,d.giro,https://fark.com/users/d.giro,788617,2012-05-29,9,None
ltdanman44,ltdanman44,https://fark.com/users/ltdanman44,218682,2005-03-15,16,15
dothemath,dothemath,https://fark.com/users/dothemath,376558,2007-12-17,14,None
wee,wee,https://fark.com/users/wee,37614,2002-05-22,19,6
debug,debug,https://fark.com/users/debug,237099,2005-07-11,16,1
HotWingConspiracy,HotWingConspiracy,https://fark.com/users/HotWingConspiracy,112440,2003-10-02,18,67
Nana's Vibrator,Nana%27s%20Vibrator,https://fark.com/users/Nana%27s%20Vibrator,487777,2009-07-20,12,1
tom baker's scarf,tom%20baker%27s%20scarf,https://fark.com/users/tom%20baker%27s%20scarf,670170,2011-05-24,10,1
hissatsu,hissatsu,https://fark.com/users/hissatsu,474954,2009-05-20,12,48
tom baker's scarf,tom%20baker%27s%20scarf,https://fark.com/users/tom%20baker%27s%20scarf,670170,2011-05-24,10,1
Uzzah,Uzzah,https://fark.com/users/Uzzah,92500,2003-05-27,18,61
thealgorerhythm,thealgorerhythm,https://fark.com/users/thealgorerhythm,1050468,2018-11-06,3,254
talkertopc,talkertopc,https://fark.com/users/talkertopc,311907,2006-11-11,15,None
RepoManTSM,RepoManTSM,https://fark.com/users/RepoManTSM,460611,2009-02-28,12,None
LOLITROLU,LOLITROLU,https://fark.com/users/LOLITROLU,984414,2016-10-31,5,1
LOLITROLU,LOLITROLU,https://fark.com/users/LOLITROLU,984414,2016-10-31,5,1
akya,akya,https://fark.com/users/akya,77541,2003-02-25,18,11
Incog_Neeto,Incog_Neeto,https://fark.com/users/Incog_Neeto,637282,2011-02-14,10,2
Cheesehead_Dave,Cheesehead_Dave,https://fark.com/users/Cheesehead_Dave,259252,2005-11-26,16,313
MrHormel,MrHormel,https://fark.com/users/MrHormel,2596,2001-04-17,20,4
shut_it_down,shut_it_down,https://fark.com/users/shut_it_down,453552,2009-01-21,12,None
Jairzinho,Jairzinho,https://fark.com/users/Jairzinho,254894,2005-10-29,16,10
Nana's Vibrator,Nana%27s%20Vibrator,https://fark.com/users/Nana%27s%20Vibrator,487777,2009-07-20,12,1
kbronsito,kbronsito,https://fark.com/users/kbronsito,503929,2009-10-08,12,518
Bowen,Bowen,https://fark.com/users/Bowen,48925,2002-08-07,19,48
kabloink,kabloink,https://fark.com/users/kabloink,155831,2004-05-03,17,41
common sense is an oxymoron,common%20sense%20is%20an%20oxymoron,https://fark.com/users/common%20sense%20is%20an%20oxymoron,641845,2011-02-26,10,140
Erma Gerdd,Erma%20Gerdd,https://fark.com/users/Erma%20Gerdd,919112,2014-10-22,7,8
Dinjiin,Dinjiin,https://fark.com/users/Dinjiin,113544,2003-10-09,18,157
Tonto's Expanding Headband,Tonto%27s%20Expanding%20Headband,https://fark.com/users/Tonto%27s%20Expanding%20Headband,335296,2007-04-20,14,31
groppet,groppet,https://fark.com/users/groppet,697272,2011-08-13,10,196
Tyrone Slothrop,Tyrone%20Slothrop,https://fark.com/users/Tyrone%20Slothrop,233312,2005-06-17,16,51
Bowen,Bowen,https://fark.com/users/Bowen,48925,2002-08-07,19,48
indylaw,indylaw,https://fark.com/users/indylaw,110082,2003-09-17,18,3
romulusnr,romulusnr,https://fark.com/users/romulusnr,11970,2001-10-19,20,None
I Have A Bo Burnham GIF For That,I%20Have%20A%20Bo%20Burnham%20GIF%20For%20That,https://fark.com/users/I%20Have%20A%20Bo%20Burnham%20GIF%20For%20That,994795,2017-02-20,4,4
khitsicker,khitsicker,https://fark.com/users/khitsicker,307845,2006-10-13,15,29
Straight Outta Wells Branch,Straight%20Outta%20Wells%20Branch,https://fark.com/users/Straight%20Outta%20Wells%20Branch,860628,2013-05-29,8,878
IgG4,IgG4,https://fark.com/users/IgG4,291761,2006-06-24,15,423
Lumber Jack Off,Lumber%20Jack%20Off,https://fark.com/users/Lumber%20Jack%20Off,289136,2006-06-06,15,33
tom baker's scarf,tom%20baker%27s%20scarf,https://fark.com/users/tom%20baker%27s%20scarf,670170,2011-05-24,10,1
The Devil's Bartender,The%20Devil%27s%20Bartender,https://fark.com/users/The%20Devil%27s%20Bartender,1140037,2020-11-13,1,None
Marcos P,Marcos%20P,https://fark.com/users/Marcos%20P,213552,2005-02-17,16,26
kdawg7736,kdawg7736,https://fark.com/users/kdawg7736,412992,2008-06-29,13,10047
xalres,xalres,https://fark.com/users/xalres,120484,2003-11-14,18,1
Madman drummers bummers,Madman%20drummers%20bummers,https://fark.com/users/Madman%20drummers%20bummers,347116,2007-06-26,14,22
kdawg7736,kdawg7736,https://fark.com/users/kdawg7736,412992,2008-06-29,13,10047
Cubs300,Cubs300,https://fark.com/users/Cubs300,125488,2003-12-10,18,7
WhippingBoi,WhippingBoi,https://fark.com/users/WhippingBoi,1141964,2020-11-28,1,2
Prank Call of Cthulhu,Prank%20Call%20of%20Cthulhu,https://fark.com/users/Prank%20Call%20of%20Cthulhu,302256,2006-09-03,15,53
skipping non-voting comment in contest thread,skipping%20non-voting%20comment%20in%20contest%20thread,https://fark.com/users/skipping%20non-voting%20comment%20in%20contest%20thread,920175,2014-11-03,7,15
dereksmalls,dereksmalls,https://fark.com/users/dereksmalls,115054,2003-10-17,18,None
Warthog,Warthog,https://fark.com/users/Warthog,35998,2002-05-08,19,514
Prank Call of Cthulhu,Prank%20Call%20of%20Cthulhu,https://fark.com/users/Prank%20Call%20of%20Cthulhu,302256,2006-09-03,15,53
kab,kab,https://fark.com/users/kab,44720,2002-07-11,19,None
Cubs300,Cubs300,https://fark.com/users/Cubs300,125488,2003-12-10,18,7
I Ate Shergar,I%20Ate%20Shergar,https://fark.com/users/I%20Ate%20Shergar,842811,2013-02-21,8,96
Warthog,Warthog,https://fark.com/users/Warthog,35998,2002-05-08,19,514
carnifex2005,carnifex2005,https://fark.com/users/carnifex2005,319990,2007-01-07,14,2
dennysgod,dennysgod,https://fark.com/users/dennysgod,281312,2006-04-13,15,369
I Ate Shergar,I%20Ate%20Shergar,https://fark.com/users/I%20Ate%20Shergar,842811,2013-02-21,8,96
phimuskapsi,phimuskapsi,https://fark.com/users/phimuskapsi,337279,2007-05-01,14,73
mrmopar5287,mrmopar5287,https://fark.com/users/mrmopar5287,288822,2006-06-04,15,147
misanthropicsob,misanthropicsob,https://fark.com/users/misanthropicsob,467149,2009-04-06,12,102
xalres,xalres,https://fark.com/users/xalres,120484,2003-11-14,18,1
God--,God--,https://fark.com/users/God--,61454,2002-11-10,19,29
omg bbq,omg%20bbq,https://fark.com/users/omg%20bbq,621677,2010-12-17,11,2
Obryn,Obryn,https://fark.com/users/Obryn,373997,2007-12-01,14,None
Sexy Jesus,Sexy%20Jesus,https://fark.com/users/Sexy%20Jesus,1110283,2020-04-11,1,None
Marcos P,Marcos%20P,https://fark.com/users/Marcos%20P,213552,2005-02-17,16,26
handsome boy model,handsome%20boy%20model,https://fark.com/users/handsome%20boy%20model,982285,2016-10-05,5,None
cookiedough,cookiedough,https://fark.com/users/cookiedough,996576,2017-03-12,4,None
Explodo,Explodo,https://fark.com/users/Explodo,357405,2007-08-25,14,None
Herbert's Hippopotamus,Herbert%27s%20Hippopotamus,https://fark.com/users/Herbert%27s%20Hippopotamus,914980,2014-09-06,7,2
RepoManTSM,RepoManTSM,https://fark.com/users/RepoManTSM,460611,2009-02-28,12,None
Mock26,Mock26,https://fark.com/users/Mock26,451880,2009-01-12,12,41
Martian_Astronomer,Martian_Astronomer,https://fark.com/users/Martian_Astronomer,490665,2009-08-02,12,7
kozlo,kozlo,https://fark.com/users/kozlo,1014743,2017-10-10,4,None
BitwiseShift,BitwiseShift,https://fark.com/users/BitwiseShift,156550,2004-05-07,17,37
docilej,docilej,https://fark.com/users/docilej,67127,2002-12-23,19,None
RepoManTSM,RepoManTSM,https://fark.com/users/RepoManTSM,460611,2009-02-28,12,None
Palined Parenthood,Palined%20Parenthood,https://fark.com/users/Palined%20Parenthood,961455,2016-01-29,5,7
Mock26,Mock26,https://fark.com/users/Mock26,451880,2009-01-12,12,41
munko,munko,https://fark.com/users/munko,360065,2007-09-12,14,None
Spikescape,Spikescape,https://fark.com/users/Spikescape,2418,2001-04-10,20,1
Destructor,Destructor,https://fark.com/users/Destructor,330627,2007-03-17,14,398
HailRobonia,HailRobonia,https://fark.com/users/HailRobonia,573951,2010-07-02,11,None
xanadian,xanadian,https://fark.com/users/xanadian,287644,2006-05-26,15,96
The Fireman,The%20Fireman,https://fark.com/users/The%20Fireman,1127753,2020-08-18,1,None
elvisaintdead,elvisaintdead,https://fark.com/users/elvisaintdead,213771,2005-02-18,16,15350
Boojum2k,Boojum2k,https://fark.com/users/Boojum2k,199005,2004-12-05,17,16
austerity101,austerity101,https://fark.com/users/austerity101,344857,2007-06-14,14,13
Meat's dream,Meat%27s%20dream,https://fark.com/users/Meat%27s%20dream,282414,2006-04-20,15,21
Boojum2k,Boojum2k,https://fark.com/users/Boojum2k,199005,2004-12-05,17,16
4seasons85!,4seasons85%21,https://fark.com/users/4seasons85%21,621341,2010-12-16,11,5
The Irresponsible Captain,The%20Irresponsible%20Captain,https://fark.com/users/The%20Irresponsible%20Captain,561405,2010-05-13,11,13
KidKorporate,KidKorporate,https://fark.com/users/KidKorporate,386294,2008-02-09,13,None
petec,petec,https://fark.com/users/petec,369044,2007-11-02,14,15
I am Tom Joad's Complete Lack of Surprise,I%20am%20Tom%20Joad%27s%20Complete%20Lack%20of%20Surprise,https://fark.com/users/I%20am%20Tom%20Joad%27s%20Complete%20Lack%20of%20Surprise,1008695,2017-07-30,4,2
thehobbes,thehobbes,https://fark.com/users/thehobbes,842386,2013-02-19,8,330
Man On A Mission,Man%20On%20A%20Mission,https://fark.com/users/Man%20On%20A%20Mission,344960,2007-06-14,14,49
cryinoutloud,cryinoutloud,https://fark.com/users/cryinoutloud,46773,2002-07-23,19,11
Rapmaster2000,Rapmaster2000,https://fark.com/users/Rapmaster2000,140417,2004-02-19,17,139
Pedal Pedal,Pedal%20Pedal,https://fark.com/users/Pedal%20Pedal,957998,2015-12-20,6,1
Madman drummers bummers,Madman%20drummers%20bummers,https://fark.com/users/Madman%20drummers%20bummers,347116,2007-06-26,14,22
Klivian,Klivian,https://fark.com/users/Klivian,264743,2005-12-31,16,17
Rapmaster2000,Rapmaster2000,https://fark.com/users/Rapmaster2000,140417,2004-02-19,17,139
dothemath,dothemath,https://fark.com/users/dothemath,376558,2007-12-17,14,None
meat0918,meat0918,https://fark.com/users/meat0918,146370,2004-03-18,17,152
whidbey,whidbey,https://fark.com/users/whidbey,62272,2002-11-16,19,9
Rapmaster2000,Rapmaster2000,https://fark.com/users/Rapmaster2000,140417,2004-02-19,17,139
The Cat Who Walks By Herself,The%20Cat%20Who%20Walks%20By%20Herself,https://fark.com/users/The%20Cat%20Who%20Walks%20By%20Herself,242523,2005-08-12,16,1
asciibaron,asciibaron,https://fark.com/users/asciibaron,202242,2004-12-22,17,3
dothemath,dothemath,https://fark.com/users/dothemath,376558,2007-12-17,14,None
xanadian,xanadian,https://fark.com/users/xanadian,287644,2006-05-26,15,96
BitwiseShift,BitwiseShift,https://fark.com/users/BitwiseShift,156550,2004-05-07,17,37
Milk D,Milk%20D,https://fark.com/users/Milk%20D,361611,2007-09-21,14,62
BretMavrik,BretMavrik,https://fark.com/users/BretMavrik,321068,2007-01-14,14,5
berylman,berylman,https://fark.com/users/berylman,119065,2003-11-07,18,19
skipping non-voting comment in contest thread,skipping%20non-voting%20comment%20in%20contest%20thread,https://fark.com/users/skipping%20non-voting%20comment%20in%20contest%20thread,920175,2014-11-03,7,15
Sin'sHero,Sin%27sHero,https://fark.com/users/Sin%27sHero,935262,2015-04-15,6,None
tom baker's scarf,tom%20baker%27s%20scarf,https://fark.com/users/tom%20baker%27s%20scarf,670170,2011-05-24,10,1
SMB2811,SMB2811,https://fark.com/users/SMB2811,566017,2010-06-02,11,1
dothemath,dothemath,https://fark.com/users/dothemath,376558,2007-12-17,14,None
mchaboud,mchaboud,https://fark.com/users/mchaboud,138895,2004-02-12,17,None
goodncold,goodncold,https://fark.com/users/goodncold,1040281,2018-07-26,3,6
The_Sponge,The_Sponge,https://fark.com/users/The_Sponge,193289,2004-11-05,17,46
NM Volunteer,NM%20Volunteer,https://fark.com/users/NM%20Volunteer,1118916,2020-06-17,1,43
Madman drummers bummers,Madman%20drummers%20bummers,https://fark.com/users/Madman%20drummers%20bummers,347116,2007-06-26,14,22
jack_o_the_hills,jack_o_the_hills,https://fark.com/users/jack_o_the_hills,329139,2007-03-07,14,None
asciibaron,asciibaron,https://fark.com/users/asciibaron,202242,2004-12-22,17,3
Solty Dog,Solty%20Dog,https://fark.com/users/Solty%20Dog,234398,2005-06-24,16,8
handsome boy model,handsome%20boy%20model,https://fark.com/users/handsome%20boy%20model,982285,2016-10-05,5,None
dothemath,dothemath,https://fark.com/users/dothemath,376558,2007-12-17,14,None
Pedal Pedal,Pedal%20Pedal,https://fark.com/users/Pedal%20Pedal,957998,2015-12-20,6,1
asciibaron,asciibaron,https://fark.com/users/asciibaron,202242,2004-12-22,17,3
dothemath,dothemath,https://fark.com/users/dothemath,376558,2007-12-17,14,None
asciibaron,asciibaron,https://fark.com/users/asciibaron,202242,2004-12-22,17,3
dothemath,dothemath,https://fark.com/users/dothemath,376558,2007-12-17,14,None
deathdidpartme,deathdidpartme,https://fark.com/users/deathdidpartme,939200,2015-05-31,6,None
deathdidpartme,deathdidpartme,https://fark.com/users/deathdidpartme,939200,2015-05-31,6,None
SurelyShirley,SurelyShirley,https://fark.com/users/SurelyShirley,532540,2010-01-23,11,65
asciibaron,asciibaron,https://fark.com/users/asciibaron,202242,2004-12-22,17,3
Harlee,Harlee,https://fark.com/users/Harlee,1004054,2017-06-06,4,406
asciibaron,asciibaron,https://fark.com/users/asciibaron,202242,2004-12-22,17,3
TrashcanMan,TrashcanMan,https://fark.com/users/TrashcanMan,233043,2005-06-16,16,None
geekbikerskum,geekbikerskum,https://fark.com/users/geekbikerskum,175377,2004-08-06,17,1
dothemath,dothemath,https://fark.com/users/dothemath,376558,2007-12-17,14,None
zimbomba63,zimbomba63,https://fark.com/users/zimbomba63,875487,2013-09-01,8,1
rockymountainrider,rockymountainrider,https://fark.com/users/rockymountainrider,259045,2005-11-24,16,None
kdawg7736,kdawg7736,https://fark.com/users/kdawg7736,412992,2008-06-29,13,10047
johnny_vegas,johnny_vegas,https://fark.com/users/johnny_vegas,106733,2003-08-26,18,226
mr-b,mr-b,https://fark.com/users/mr-b,263426,2005-12-21,16,2
dothemath,dothemath,https://fark.com/users/dothemath,376558,2007-12-17,14,None
USCLaw2010,USCLaw2010,https://fark.com/users/USCLaw2010,392164,2008-03-10,13,9
Abe Vigoda's Ghost,Abe%20Vigoda%27s%20Ghost,https://fark.com/users/Abe%20Vigoda%27s%20Ghost,235201,2005-06-29,16,24
batlock666,batlock666,https://fark.com/users/batlock666,200386,2004-12-13,17,16
OldRod,OldRod,https://fark.com/users/OldRod,282137,2006-04-18,15,459
OldRod,OldRod,https://fark.com/users/OldRod,282137,2006-04-18,15,459
CFitzsimmons,CFitzsimmons,https://fark.com/users/CFitzsimmons,308772,2006-10-19,15,None
Evil Mackerel,Evil%20Mackerel,https://fark.com/users/Evil%20Mackerel,563703,2010-05-22,11,None
mr-b,mr-b,https://fark.com/users/mr-b,263426,2005-12-21,16,2
raerae1980,raerae1980,https://fark.com/users/raerae1980,266786,2006-01-12,15,13
Crocoduck,Crocoduck,https://fark.com/users/Crocoduck,425133,2008-08-28,13,None
Marcos P,Marcos%20P,https://fark.com/users/Marcos%20P,213552,2005-02-17,16,26
tom baker's scarf,tom%20baker%27s%20scarf,https://fark.com/users/tom%20baker%27s%20scarf,670170,2011-05-24,10,1
pastramithemosterotic,pastramithemosterotic,https://fark.com/users/pastramithemosterotic,914244,2014-08-29,7,92
HotWingConspiracy,HotWingConspiracy,https://fark.com/users/HotWingConspiracy,112440,2003-10-02,18,67
dothemath,dothemath,https://fark.com/users/dothemath,376558,2007-12-17,14,None
invictus2,invictus2,https://fark.com/users/invictus2,500750,2009-09-24,12,12
Mega Steve,Mega%20Steve,https://fark.com/users/Mega%20Steve,244580,2005-08-25,16,8
austerity101,austerity101,https://fark.com/users/austerity101,344857,2007-06-14,14,13
BitwiseShift,BitwiseShift,https://fark.com/users/BitwiseShift,156550,2004-05-07,17,37
grokca,grokca,https://fark.com/users/grokca,718654,2011-10-19,10,None
indy_kid,indy_kid,https://fark.com/users/indy_kid,425502,2008-08-29,13,1
DecemberNitro,DecemberNitro,https://fark.com/users/DecemberNitro,197044,2004-11-24,17,None
TommyDeuce,TommyDeuce,https://fark.com/users/TommyDeuce,297552,2006-08-03,15,166
rnatalie,rnatalie,https://fark.com/users/rnatalie,122511,2003-11-24,18,2033
DonkeyDixon,DonkeyDixon,https://fark.com/users/DonkeyDixon,349472,2007-07-09,14,8
kabloink,kabloink,https://fark.com/users/kabloink,155831,2004-05-03,17,41
winedrinkingman,winedrinkingman,https://fark.com/users/winedrinkingman,958280,2015-12-23,6,50
Mock26,Mock26,https://fark.com/users/Mock26,451880,2009-01-12,12,41
Mock26,Mock26,https://fark.com/users/Mock26,451880,2009-01-12,12,41
exqqqme,exqqqme,https://fark.com/users/exqqqme,1092614,2019-11-19,2,7
Mock26,Mock26,https://fark.com/users/Mock26,451880,2009-01-12,12,41
Sexy Jesus,Sexy%20Jesus,https://fark.com/users/Sexy%20Jesus,1110283,2020-04-11,1,None
Dawnrazor,Dawnrazor,https://fark.com/users/Dawnrazor,75847,2003-02-15,18,None
exqqqme,exqqqme,https://fark.com/users/exqqqme,1092614,2019-11-19,2,7
gwenners,gwenners,https://fark.com/users/gwenners,275390,2006-03-02,15,None
Abe Vigoda's Ghost,Abe%20Vigoda%27s%20Ghost,https://fark.com/users/Abe%20Vigoda%27s%20Ghost,235201,2005-06-29,16,24
Old_Chief_Scott,Old_Chief_Scott,https://fark.com/users/Old_Chief_Scott,174100,2004-07-31,17,9
Some Junkie Cosmonaut,Some%20Junkie%20Cosmonaut,https://fark.com/users/Some%20Junkie%20Cosmonaut,618063,2010-12-05,11,None
BitwiseShift,BitwiseShift,https://fark.com/users/BitwiseShift,156550,2004-05-07,17,37
Boe,Boe,https://fark.com/users/Boe,326165,2007-02-15,14,2
Cathedralmaster,Cathedralmaster,https://fark.com/users/Cathedralmaster,221195,2005-04-01,16,17
gwenners,gwenners,https://fark.com/users/gwenners,275390,2006-03-02,15,None
Promo Sapien,Promo%20Sapien,https://fark.com/users/Promo%20Sapien,912663,2014-08-11,7,47
arkansized,arkansized,https://fark.com/users/arkansized,704077,2011-09-04,10,5
serfdood,serfdood,https://fark.com/users/serfdood,372308,2007-11-21,14,32
Arkanaut,Arkanaut,https://fark.com/users/Arkanaut,386168,2008-02-08,13,106
beezeltown,beezeltown,https://fark.com/users/beezeltown,384211,2008-01-29,13,49
kdawg7736,kdawg7736,https://fark.com/users/kdawg7736,412992,2008-06-29,13,10047
RolfBlitzer,RolfBlitzer,https://fark.com/users/RolfBlitzer,991127,2017-01-13,4,None
Harry Freakstorm,Harry%20Freakstorm,https://fark.com/users/Harry%20Freakstorm,266987,2006-01-13,15,159
4seasons85!,4seasons85%21,https://fark.com/users/4seasons85%21,621341,2010-12-16,11,5
APO_Buddha,APO_Buddha,https://fark.com/users/APO_Buddha,346937,2007-06-25,14,576
Super Chronic,Super%20Chronic,https://fark.com/users/Super%20Chronic,273778,2006-02-22,15,58
Boojum2k,Boojum2k,https://fark.com/users/Boojum2k,199005,2004-12-05,17,16
dothemath,dothemath,https://fark.com/users/dothemath,376558,2007-12-17,14,None
bighairyguy,bighairyguy,https://fark.com/users/bighairyguy,312460,2006-11-15,15,726
AuralArgument,AuralArgument,https://fark.com/users/AuralArgument,112475,2003-10-02,18,67
jaivirtualcard,jaivirtualcard,https://fark.com/users/jaivirtualcard,1230300,2021-08-26,0,None
Corn_Fed,Corn_Fed,https://fark.com/users/Corn_Fed,46008,2002-07-18,19,3
AuralArgument,AuralArgument,https://fark.com/users/AuralArgument,112475,2003-10-02,18,67
FleshFlapps,FleshFlapps,https://fark.com/users/FleshFlapps,1069235,2019-05-05,2,None
beezeltown,beezeltown,https://fark.com/users/beezeltown,384211,2008-01-29,13,49
Russ1642,Russ1642,https://fark.com/users/Russ1642,362383,2007-09-25,14,27
phedex,phedex,https://fark.com/users/phedex,8382,2001-09-11,20,16
Pigeonhole,Pigeonhole,https://fark.com/users/Pigeonhole,1161376,2021-02-19,0,9
catmandu,catmandu,https://fark.com/users/catmandu,356150,2007-08-17,14,10
berylman,berylman,https://fark.com/users/berylman,119065,2003-11-07,18,19
I am Tom Joad's Complete Lack of Surprise,I%20am%20Tom%20Joad%27s%20Complete%20Lack%20of%20Surprise,https://fark.com/users/I%20am%20Tom%20Joad%27s%20Complete%20Lack%20of%20Surprise,1008695,2017-07-30,4,2
keldaria,keldaria,https://fark.com/users/keldaria,855000,2013-04-24,8,3
robodog,robodog,https://fark.com/users/robodog,198741,2004-12-03,17,1
Russ1642,Russ1642,https://fark.com/users/Russ1642,362383,2007-09-25,14,27
ltdanman44,ltdanman44,https://fark.com/users/ltdanman44,218682,2005-03-15,16,15
phedex,phedex,https://fark.com/users/phedex,8382,2001-09-11,20,16
BitwiseShift,BitwiseShift,https://fark.com/users/BitwiseShift,156550,2004-05-07,17,37
lizaardvark,lizaardvark,https://fark.com/users/lizaardvark,654911,2011-04-05,10,None
jjorsett,jjorsett,https://fark.com/users/jjorsett,4929,2001-06-23,20,155
amindtat,amindtat,https://fark.com/users/amindtat,196117,2004-11-19,17,2
Coach McGirk,Coach%20McGirk,https://fark.com/users/Coach%20McGirk,121507,2003-11-19,18,3
jaivirtualcard,jaivirtualcard,https://fark.com/users/jaivirtualcard,1230300,2021-08-26,0,None
I am Tom Joad's Complete Lack of Surprise,I%20am%20Tom%20Joad%27s%20Complete%20Lack%20of%20Surprise,https://fark.com/users/I%20am%20Tom%20Joad%27s%20Complete%20Lack%20of%20Surprise,1008695,2017-07-30,4,2
I am Tom Joad's Complete Lack of Surprise,I%20am%20Tom%20Joad%27s%20Complete%20Lack%20of%20Surprise,https://fark.com/users/I%20am%20Tom%20Joad%27s%20Complete%20Lack%20of%20Surprise,1008695,2017-07-30,4,2
Resident Muslim,Resident%20Muslim,https://fark.com/users/Resident%20Muslim,471261,2009-04-29,12,233
Coach McGirk,Coach%20McGirk,https://fark.com/users/Coach%20McGirk,121507,2003-11-19,18,3
Moderator,Moderator,https://fark.com/users/Moderator,6601,2001-08-03,20,None
Boojum2k,Boojum2k,https://fark.com/users/Boojum2k,199005,2004-12-05,17,16
4seasons85!,4seasons85%21,https://fark.com/users/4seasons85%21,621341,2010-12-16,11,5
guestguy,guestguy,https://fark.com/users/guestguy,413430,2008-07-01,13,1
IDisME,IDisME,https://fark.com/users/IDisME,212483,2005-02-12,16,17
jonas opines,jonas%20opines,https://fark.com/users/jonas%20opines,177346,2004-08-17,17,None
jonas opines,jonas%20opines,https://fark.com/users/jonas%20opines,177346,2004-08-17,17,None
I am Tom Joad's Complete Lack of Surprise,I%20am%20Tom%20Joad%27s%20Complete%20Lack%20of%20Surprise,https://fark.com/users/I%20am%20Tom%20Joad%27s%20Complete%20Lack%20of%20Surprise,1008695,2017-07-30,4,2
indylaw,indylaw,https://fark.com/users/indylaw,110082,2003-09-17,18,3
Original,Original,https://fark.com/users/Original,21757,2002-01-27,19,None
somedude210,somedude210,https://fark.com/users/somedude210,300110,2006-08-20,15,9184
NewportBarGuy,NewportBarGuy,https://fark.com/users/NewportBarGuy,126617,2003-12-15,18,3098
apotheosis27,apotheosis27,https://fark.com/users/apotheosis27,277172,2006-03-15,15,None
cman,cman,https://fark.com/users/cman,4028,2001-06-03,20,885
gnosis301,gnosis301,https://fark.com/users/gnosis301,248403,2005-09-16,16,1
BitwiseShift,BitwiseShift,https://fark.com/users/BitwiseShift,156550,2004-05-07,17,37
skipping non-voting comment in contest thread,skipping%20non-voting%20comment%20in%20contest%20thread,https://fark.com/users/skipping%20non-voting%20comment%20in%20contest%20thread,920175,2014-11-03,7,15
Prank Call of Cthulhu,Prank%20Call%20of%20Cthulhu,https://fark.com/users/Prank%20Call%20of%20Cthulhu,302256,2006-09-03,15,53
dothemath,dothemath,https://fark.com/users/dothemath,376558,2007-12-17,14,None
ltdanman44,ltdanman44,https://fark.com/users/ltdanman44,218682,2005-03-15,16,15
Fireproof,Fireproof,https://fark.com/users/Fireproof,193371,2004-11-05,17,107
Hey Nurse!,Hey%20Nurse%21,https://fark.com/users/Hey%20Nurse%21,1021922,2017-12-30,4,None
skipping non-voting comment in contest thread,skipping%20non-voting%20comment%20in%20contest%20thread,https://fark.com/users/skipping%20non-voting%20comment%20in%20contest%20thread,920175,2014-11-03,7,15
Destructor,Destructor,https://fark.com/users/Destructor,330627,2007-03-17,14,398
New Rising Sun,New%20Rising%20Sun,https://fark.com/users/New%20Rising%20Sun,171632,2004-07-18,17,56
scruffythecat,scruffythecat,https://fark.com/users/scruffythecat,320740,2007-01-11,14,None
p51d007,p51d007,https://fark.com/users/p51d007,233161,2005-06-17,16,165
Fireproof,Fireproof,https://fark.com/users/Fireproof,193371,2004-11-05,17,107
RolfBlitzer,RolfBlitzer,https://fark.com/users/RolfBlitzer,991127,2017-01-13,4,None
quo vadimus,quo%20vadimus,https://fark.com/users/quo%20vadimus,401763,2008-04-30,13,3
My Klezmer Metal Cover Band,My%20Klezmer%20Metal%20Cover%20Band,https://fark.com/users/My%20Klezmer%20Metal%20Cover%20Band,1055944,2019-01-01,2,1
dothemath,dothemath,https://fark.com/users/dothemath,376558,2007-12-17,14,None
Harry Freakstorm,Harry%20Freakstorm,https://fark.com/users/Harry%20Freakstorm,266987,2006-01-13,15,159
Malenfant,Malenfant,https://fark.com/users/Malenfant,199007,2004-12-05,17,None
i state your name,i%20state%20your%20name,https://fark.com/users/i%20state%20your%20name,610865,2010-11-11,11,4
ArcadianRefugee,ArcadianRefugee,https://fark.com/users/ArcadianRefugee,151269,2004-04-10,17,5
NobleHam,NobleHam,https://fark.com/users/NobleHam,100956,2003-07-19,18,4
Fireproof,Fireproof,https://fark.com/users/Fireproof,193371,2004-11-05,17,107
OkieDookie,OkieDookie,https://fark.com/users/OkieDookie,917697,2014-10-06,7,36
FarkMeThatsGood,FarkMeThatsGood,https://fark.com/users/FarkMeThatsGood,1239647,2021-09-24,0,None
holdmybones,holdmybones,https://fark.com/users/holdmybones,762062,2012-03-08,9,11
hershy799,hershy799,https://fark.com/users/hershy799,99315,2003-07-06,18,20
Fireproof,Fireproof,https://fark.com/users/Fireproof,193371,2004-11-05,17,107
Wesdog,Wesdog,https://fark.com/users/Wesdog,297690,2006-08-04,15,None
hershy799,hershy799,https://fark.com/users/hershy799,99315,2003-07-06,18,20
mrmopar5287,mrmopar5287,https://fark.com/users/mrmopar5287,288822,2006-06-04,15,147
rnatalie,rnatalie,https://fark.com/users/rnatalie,122511,2003-11-24,18,2033
BolshyGreatYarblocks,BolshyGreatYarblocks,https://fark.com/users/BolshyGreatYarblocks,808369,2012-08-18,9,1
Hey Nurse!,Hey%20Nurse%21,https://fark.com/users/Hey%20Nurse%21,1021922,2017-12-30,4,None
austerity101,austerity101,https://fark.com/users/austerity101,344857,2007-06-14,14,13
Trainspotr,Trainspotr,https://fark.com/users/Trainspotr,142714,2004-03-01,17,90
dothemath,dothemath,https://fark.com/users/dothemath,376558,2007-12-17,14,None
DarkSoulNoHope,DarkSoulNoHope,https://fark.com/users/DarkSoulNoHope,158971,2004-05-18,17,2
BolshyGreatYarblocks,BolshyGreatYarblocks,https://fark.com/users/BolshyGreatYarblocks,808369,2012-08-18,9,1
Inebriated Bolshevik Muppet,Inebriated%20Bolshevik%20Muppet,https://fark.com/users/Inebriated%20Bolshevik%20Muppet,819294,2012-10-16,9,3
Somaticasual,Somaticasual,https://fark.com/users/Somaticasual,390594,2008-03-01,13,7
KingBiefWhistle,KingBiefWhistle,https://fark.com/users/KingBiefWhistle,955572,2015-11-21,6,None
Glitchwerks,Glitchwerks,https://fark.com/users/Glitchwerks,298511,2006-08-09,15,1
doosh,doosh,https://fark.com/users/doosh,519299,2009-12-05,12,None
OdradekRex,OdradekRex,https://fark.com/users/OdradekRex,786269,2012-05-18,9,26
Petit_Merdeux,Petit_Merdeux,https://fark.com/users/Petit_Merdeux,62917,2002-11-21,19,8
Lambskincoat,Lambskincoat,https://fark.com/users/Lambskincoat,391548,2008-03-06,13,None
oldernell,oldernell,https://fark.com/users/oldernell,233245,2005-06-17,16,None
NewportBarGuy,NewportBarGuy,https://fark.com/users/NewportBarGuy,126617,2003-12-15,18,3098
nmrsnr,nmrsnr,https://fark.com/users/nmrsnr,142110,2004-02-27,17,81
Angry Drunk Bureaucrat,Angry%20Drunk%20Bureaucrat,https://fark.com/users/Angry%20Drunk%20Bureaucrat,241529,2005-08-05,16,11
AdmirableSnackbar,AdmirableSnackbar,https://fark.com/users/AdmirableSnackbar,538678,2010-02-13,11,78
BitwiseShift,BitwiseShift,https://fark.com/users/BitwiseShift,156550,2004-05-07,17,37
Nuclear Monk,Nuclear%20Monk,https://fark.com/users/Nuclear%20Monk,18988,2002-01-05,19,47
vonster,vonster,https://fark.com/users/vonster,285696,2006-05-12,15,None
MelGoesOnTour,MelGoesOnTour,https://fark.com/users/MelGoesOnTour,105633,2003-08-18,18,3
Generation_D,Generation_D,https://fark.com/users/Generation_D,43305,2002-07-01,19,29
pueblonative,pueblonative,https://fark.com/users/pueblonative,582518,2010-08-03,11,692
phalamir,phalamir,https://fark.com/users/phalamir,309095,2006-10-22,15,178
CzarChasm,CzarChasm,https://fark.com/users/CzarChasm,328681,2007-03-04,14,None
Rapmaster2000,Rapmaster2000,https://fark.com/users/Rapmaster2000,140417,2004-02-19,17,139
iheartscotch,iheartscotch,https://fark.com/users/iheartscotch,507104,2009-10-19,12,97
BitwiseShift,BitwiseShift,https://fark.com/users/BitwiseShift,156550,2004-05-07,17,37
strutin,strutin,https://fark.com/users/strutin,238195,2005-07-17,16,15
TheRealist II,TheRealist%20II,https://fark.com/users/TheRealist%20II,369681,2007-11-06,14,1
wage0048,wage0048,https://fark.com/users/wage0048,43077,2002-06-29,19,16
AdmirableSnackbar,AdmirableSnackbar,https://fark.com/users/AdmirableSnackbar,538678,2010-02-13,11,78
Oliver Twisted,Oliver%20Twisted,https://fark.com/users/Oliver%20Twisted,139966,2004-02-17,17,8
bighairyguy,bighairyguy,https://fark.com/users/bighairyguy,312460,2006-11-15,15,726
Godscrack,Godscrack,https://fark.com/users/Godscrack,303840,2006-09-13,15,16
indylaw,indylaw,https://fark.com/users/indylaw,110082,2003-09-17,18,3
ranchguy,ranchguy,https://fark.com/users/ranchguy,112791,2003-10-04,18,None
HotWingConspiracy,HotWingConspiracy,https://fark.com/users/HotWingConspiracy,112440,2003-10-02,18,67
severedtoe,severedtoe,https://fark.com/users/severedtoe,54092,2002-09-13,19,6
salvador.hardin,salvador.hardin,https://fark.com/users/salvador.hardin,417325,2008-07-20,13,4
Solty Dog,Solty%20Dog,https://fark.com/users/Solty%20Dog,234398,2005-06-24,16,8
Geotpf,Geotpf,https://fark.com/users/Geotpf,85890,2003-04-15,18,140
Nadie_AZ,Nadie_AZ,https://fark.com/users/Nadie_AZ,599799,2010-10-11,11,299
kelderiv,kelderiv,https://fark.com/users/kelderiv,893340,2014-02-10,7,None
Lambskincoat,Lambskincoat,https://fark.com/users/Lambskincoat,391548,2008-03-06,13,None
phalamir,phalamir,https://fark.com/users/phalamir,309095,2006-10-22,15,178
WastrelWay,WastrelWay,https://fark.com/users/WastrelWay,1004234,2017-06-08,4,12
I May Be Crazy But...,I%20May%20Be%20Crazy%20But...,https://fark.com/users/I%20May%20Be%20Crazy%20But...,702415,2011-08-29,10,3
TotallyRealNotFake,TotallyRealNotFake,https://fark.com/users/TotallyRealNotFake,1076028,2019-07-04,2,11
Khellendros,Khellendros,https://fark.com/users/Khellendros,95731,2003-06-16,18,8
Some Junkie Cosmonaut,Some%20Junkie%20Cosmonaut,https://fark.com/users/Some%20Junkie%20Cosmonaut,618063,2010-12-05,11,None
MIRV888,MIRV888,https://fark.com/users/MIRV888,348632,2007-07-05,14,3
Fissile,Fissile,https://fark.com/users/Fissile,597059,2010-09-29,11,176
Latinwolf,Latinwolf,https://fark.com/users/Latinwolf,462985,2009-03-13,12,8
SirEattonHogg,SirEattonHogg,https://fark.com/users/SirEattonHogg,462237,2009-03-10,12,None
phalamir,phalamir,https://fark.com/users/phalamir,309095,2006-10-22,15,178
Damn Bleeblah,Damn%20Bleeblah,https://fark.com/users/Damn%20Bleeblah,363745,2007-10-02,14,None
Another Government Employee,Another%20Government%20Employee,https://fark.com/users/Another%20Government%20Employee,96270,2003-06-19,18,15
emersonbiggins,emersonbiggins,https://fark.com/users/emersonbiggins,325096,2007-02-09,14,23
Science_Guy_3.14159,Science_Guy_3.14159,https://fark.com/users/Science_Guy_3.14159,561512,2010-05-13,11,5
Shostie,Shostie,https://fark.com/users/Shostie,22937,2002-02-05,19,36
vudukungfu,vudukungfu,https://fark.com/users/vudukungfu,96647,2003-06-21,18,2280
Nana's Vibrator,Nana%27s%20Vibrator,https://fark.com/users/Nana%27s%20Vibrator,487777,2009-07-20,12,1
El Jefe Dynamo,El%20Jefe%20Dynamo,https://fark.com/users/El%20Jefe%20Dynamo,1069680,2019-05-09,2,None
Marcos P,Marcos%20P,https://fark.com/users/Marcos%20P,213552,2005-02-17,16,26
WhippingBoi,WhippingBoi,https://fark.com/users/WhippingBoi,1141964,2020-11-28,1,2
Rapmaster2000,Rapmaster2000,https://fark.com/users/Rapmaster2000,140417,2004-02-19,17,139
brilett,brilett,https://fark.com/users/brilett,212734,2005-02-14,16,3
Eightballjacket,Eightballjacket,https://fark.com/users/Eightballjacket,1039281,2018-07-16,3,10
dothemath,dothemath,https://fark.com/users/dothemath,376558,2007-12-17,14,None
12349876,12349876,https://fark.com/users/12349876,130146,2004-01-04,17,19
kdawg7736,kdawg7736,https://fark.com/users/kdawg7736,412992,2008-06-29,13,10047
oldfarthenry,oldfarthenry,https://fark.com/users/oldfarthenry,222773,2005-04-13,16,539
jso2897,jso2897,https://fark.com/users/jso2897,302118,2006-09-02,15,2
Godscrack,Godscrack,https://fark.com/users/Godscrack,303840,2006-09-13,15,16
patrick767,patrick767,https://fark.com/users/patrick767,202131,2004-12-21,17,24
Fursecution,Fursecution,https://fark.com/users/Fursecution,307043,2006-10-06,15,85
Pilikia,Pilikia,https://fark.com/users/Pilikia,44998,2002-07-12,19,34
Trainspotr,Trainspotr,https://fark.com/users/Trainspotr,142714,2004-03-01,17,90
amindtat,amindtat,https://fark.com/users/amindtat,196117,2004-11-19,17,2
bighairyguy,bighairyguy,https://fark.com/users/bighairyguy,312460,2006-11-15,15,726
Natalie Portmanteau,Natalie%20Portmanteau,https://fark.com/users/Natalie%20Portmanteau,945550,2015-07-31,6,47
exqqqme,exqqqme,https://fark.com/users/exqqqme,1092614,2019-11-19,2,7
stuhayes2010,stuhayes2010,https://fark.com/users/stuhayes2010,448086,2008-12-18,13,17
Natalie Portmanteau,Natalie%20Portmanteau,https://fark.com/users/Natalie%20Portmanteau,945550,2015-07-31,6,47
AteMyBrain,AteMyBrain,https://fark.com/users/AteMyBrain,853676,2013-04-18,8,None
LewDux,LewDux,https://fark.com/users/LewDux,189006,2004-10-16,17,106
Hey Nurse!,Hey%20Nurse%21,https://fark.com/users/Hey%20Nurse%21,1021922,2017-12-30,4,None
padraig,padraig,https://fark.com/users/padraig,26377,2002-03-06,19,9
exqqqme,exqqqme,https://fark.com/users/exqqqme,1092614,2019-11-19,2,7
Christian Bale,Christian%20Bale,https://fark.com/users/Christian%20Bale,20435,2002-01-17,19,18
Petey4335,Petey4335,https://fark.com/users/Petey4335,130520,2004-01-06,17,25
Natalie Portmanteau,Natalie%20Portmanteau,https://fark.com/users/Natalie%20Portmanteau,945550,2015-07-31,6,47
padraig,padraig,https://fark.com/users/padraig,26377,2002-03-06,19,9
Christian Bale,Christian%20Bale,https://fark.com/users/Christian%20Bale,20435,2002-01-17,19,18
AuralArgument,AuralArgument,https://fark.com/users/AuralArgument,112475,2003-10-02,18,67
dothemath,dothemath,https://fark.com/users/dothemath,376558,2007-12-17,14,None
mekkab,mekkab,https://fark.com/users/mekkab,204345,2005-01-04,16,9
Trainspotr,Trainspotr,https://fark.com/users/Trainspotr,142714,2004-03-01,17,90
xxBirdMadGirlxx,xxBirdMadGirlxx,https://fark.com/users/xxBirdMadGirlxx,354647,2007-08-09,14,None
Warthog,Warthog,https://fark.com/users/Warthog,35998,2002-05-08,19,514
Warthog,Warthog,https://fark.com/users/Warthog,35998,2002-05-08,19,514
Damn Bleeblah,Damn%20Bleeblah,https://fark.com/users/Damn%20Bleeblah,363745,2007-10-02,14,None
allthesametome,allthesametome,https://fark.com/users/allthesametome,223941,2005-04-19,16,3
ElPrimitivo,ElPrimitivo,https://fark.com/users/ElPrimitivo,990141,2017-01-05,4,1
patrick767,patrick767,https://fark.com/users/patrick767,202131,2004-12-21,17,24
wax_on,wax_on,https://fark.com/users/wax_on,45970,2002-07-18,19,64
Palined Parenthood,Palined%20Parenthood,https://fark.com/users/Palined%20Parenthood,961455,2016-01-29,5,7
dothemath,dothemath,https://fark.com/users/dothemath,376558,2007-12-17,14,None
markie_farkie,markie_farkie,https://fark.com/users/markie_farkie,201889,2004-12-20,17,2484
DoBeDoBeDo,DoBeDoBeDo,https://fark.com/users/DoBeDoBeDo,64258,2002-12-04,19,None
vudukungfu,vudukungfu,https://fark.com/users/vudukungfu,96647,2003-06-21,18,2280
GardenWeasel,GardenWeasel,https://fark.com/users/GardenWeasel,249028,2005-09-20,16,170
vilesithknight,vilesithknight,https://fark.com/users/vilesithknight,1177606,2021-04-14,0,None
12349876,12349876,https://fark.com/users/12349876,130146,2004-01-04,17,19
Nurglitch,Nurglitch,https://fark.com/users/Nurglitch,405287,2008-05-20,13,10
I hereby demand that I be given a Fark account,I%20hereby%20demand%20that%20I%20be%20given%20a%20Fark%20account,https://fark.com/users/I%20hereby%20demand%20that%20I%20be%20given%20a%20Fark%20account,1034521,2018-05-21,3,11
BitwiseShift,BitwiseShift,https://fark.com/users/BitwiseShift,156550,2004-05-07,17,37
neongoats,neongoats,https://fark.com/users/neongoats,183899,2004-09-16,17,75
cheap_thoughts,cheap_thoughts,https://fark.com/users/cheap_thoughts,197107,2004-11-25,17,17
Somaticasual,Somaticasual,https://fark.com/users/Somaticasual,390594,2008-03-01,13,7
SuperChuck,SuperChuck,https://fark.com/users/SuperChuck,412326,2008-06-25,13,3
berylman,berylman,https://fark.com/users/berylman,119065,2003-11-07,18,19
Solty Dog,Solty%20Dog,https://fark.com/users/Solty%20Dog,234398,2005-06-24,16,8
oldfarthenry,oldfarthenry,https://fark.com/users/oldfarthenry,222773,2005-04-13,16,539
Mukster,Mukster,https://fark.com/users/Mukster,748610,2012-01-27,9,1
apotheosis27,apotheosis27,https://fark.com/users/apotheosis27,277172,2006-03-15,15,None
Fireproof,Fireproof,https://fark.com/users/Fireproof,193371,2004-11-05,17,107
Interceptor1,Interceptor1,https://fark.com/users/Interceptor1,85233,2003-04-10,18,19
Ketchuponsteak,Ketchuponsteak,https://fark.com/users/Ketchuponsteak,916071,2014-09-18,7,12
12349876,12349876,https://fark.com/users/12349876,130146,2004-01-04,17,19
GardenWeasel,GardenWeasel,https://fark.com/users/GardenWeasel,249028,2005-09-20,16,170
The Irresponsible Captain,The%20Irresponsible%20Captain,https://fark.com/users/The%20Irresponsible%20Captain,561405,2010-05-13,11,13
SecondaryControl,SecondaryControl,https://fark.com/users/SecondaryControl,642467,2011-02-28,10,1
Lindseys Lil Ladybugs,Lindseys%20Lil%20Ladybugs,https://fark.com/users/Lindseys%20Lil%20Ladybugs,1117870,2020-06-09,1,None
IndyJohn,IndyJohn,https://fark.com/users/IndyJohn,932310,2015-03-16,6,None
oldfool,oldfool,https://fark.com/users/oldfool,935385,2015-04-16,6,7
ajgeek,ajgeek,https://fark.com/users/ajgeek,293565,2006-07-08,15,15
Breaker Moran,Breaker%20Moran,https://fark.com/users/Breaker%20Moran,196034,2004-11-19,17,3
MusicMakeMyHeadPound,MusicMakeMyHeadPound,https://fark.com/users/MusicMakeMyHeadPound,121181,2003-11-18,18,19
Zombie Ninja Cleavage,Zombie%20Ninja%20Cleavage,https://fark.com/users/Zombie%20Ninja%20Cleavage,496332,2009-08-31,12,None
BubbaZinetti,BubbaZinetti,https://fark.com/users/BubbaZinetti,943986,2015-07-14,6,None
Nana's Vibrator,Nana%27s%20Vibrator,https://fark.com/users/Nana%27s%20Vibrator,487777,2009-07-20,12,1
Karne,Karne,https://fark.com/users/Karne,434243,2008-10-10,13,None
dothemath,dothemath,https://fark.com/users/dothemath,376558,2007-12-17,14,None
Fireproof,Fireproof,https://fark.com/users/Fireproof,193371,2004-11-05,17,107
Porkbelly,Porkbelly,https://fark.com/users/Porkbelly,1071810,2019-05-29,2,1
Barbecue Bob,Barbecue%20Bob,https://fark.com/users/Barbecue%20Bob,252328,2005-10-12,16,1
Salmon,Salmon,https://fark.com/users/Salmon,204527,2005-01-05,16,2
Jumpthruhoops,Jumpthruhoops,https://fark.com/users/Jumpthruhoops,346220,2007-06-21,14,31
patr55,patr55,https://fark.com/users/patr55,523415,2009-12-21,12,None
Petey4335,Petey4335,https://fark.com/users/Petey4335,130520,2004-01-06,17,25
Another Government Employee,Another%20Government%20Employee,https://fark.com/users/Another%20Government%20Employee,96270,2003-06-19,18,15
neongoats,neongoats,https://fark.com/users/neongoats,183899,2004-09-16,17,75
Nimbull,Nimbull,https://fark.com/users/Nimbull,923508,2014-12-11,7,7
Billy Liar,Billy%20Liar,https://fark.com/users/Billy%20Liar,853596,2013-04-17,8,None
Firm Tautology,Firm%20Tautology,https://fark.com/users/Firm%20Tautology,963373,2016-02-22,5,1942
Garza and the Supermutants,Garza%20and%20the%20Supermutants,https://fark.com/users/Garza%20and%20the%20Supermutants,946155,2015-08-07,6,4
buckeyebrain,buckeyebrain,https://fark.com/users/buckeyebrain,175789,2004-08-09,17,38
Original,Original,https://fark.com/users/Original,21757,2002-01-27,19,None
Stantz,Stantz,https://fark.com/users/Stantz,251765,2005-10-09,16,368
Circusdog320,Circusdog320,https://fark.com/users/Circusdog320,827565,2012-12-05,9,37
Yammering_Splat_Vector,Yammering_Splat_Vector,https://fark.com/users/Yammering_Splat_Vector,29526,2002-03-27,19,2
retrophil,retrophil,https://fark.com/users/retrophil,963024,2016-02-17,5,127
Herb Utsmelz,Herb%20Utsmelz,https://fark.com/users/Herb%20Utsmelz,122314,2003-11-23,18,182
Wrongo,Wrongo,https://fark.com/users/Wrongo,652879,2011-03-30,10,36
RedZoneTuba,RedZoneTuba,https://fark.com/users/RedZoneTuba,325269,2007-02-10,14,457
kdawg7736,kdawg7736,https://fark.com/users/kdawg7736,412992,2008-06-29,13,10047
farkscience,farkscience,https://fark.com/users/farkscience,1099014,2020-01-14,1,81
Nojimbo,Nojimbo,https://fark.com/users/Nojimbo,358248,2007-08-30,14,None
bucket_pup,bucket_pup,https://fark.com/users/bucket_pup,101488,2003-07-22,18,2
Snubnose,Snubnose,https://fark.com/users/Snubnose,844277,2013-02-28,8,None
kabloink,kabloink,https://fark.com/users/kabloink,155831,2004-05-03,17,41
dlarsen222,dlarsen222,https://fark.com/users/dlarsen222,1097783,2020-01-05,1,None
whatsupchuck,whatsupchuck,https://fark.com/users/whatsupchuck,208369,2005-01-24,16,2
Bathia_Mapes,Bathia_Mapes,https://fark.com/users/Bathia_Mapes,365987,2007-10-16,14,597
Diocletian's Last Cabbage,Diocletian%27s%20Last%20Cabbage,https://fark.com/users/Diocletian%27s%20Last%20Cabbage,598912,2010-10-07,11,3
KCBlueGal,KCBlueGal,https://fark.com/users/KCBlueGal,71926,2003-01-24,18,23
Bathia_Mapes,Bathia_Mapes,https://fark.com/users/Bathia_Mapes,365987,2007-10-16,14,597
Bathia_Mapes,Bathia_Mapes,https://fark.com/users/Bathia_Mapes,365987,2007-10-16,14,597
baka-san,baka-san,https://fark.com/users/baka-san,165313,2004-06-21,17,17
Fark that Pixel,Fark%20that%20Pixel,https://fark.com/users/Fark%20that%20Pixel,531793,2010-01-21,11,23
Bathia_Mapes,Bathia_Mapes,https://fark.com/users/Bathia_Mapes,365987,2007-10-16,14,597
kdawg7736,kdawg7736,https://fark.com/users/kdawg7736,412992,2008-06-29,13,10047
kdawg7736,kdawg7736,https://fark.com/users/kdawg7736,412992,2008-06-29,13,10047
Bathia_Mapes,Bathia_Mapes,https://fark.com/users/Bathia_Mapes,365987,2007-10-16,14,597
Fark that Pixel,Fark%20that%20Pixel,https://fark.com/users/Fark%20that%20Pixel,531793,2010-01-21,11,23
Bathia_Mapes,Bathia_Mapes,https://fark.com/users/Bathia_Mapes,365987,2007-10-16,14,597
Fark that Pixel,Fark%20that%20Pixel,https://fark.com/users/Fark%20that%20Pixel,531793,2010-01-21,11,23
Fark that Pixel,Fark%20that%20Pixel,https://fark.com/users/Fark%20that%20Pixel,531793,2010-01-21,11,23
Bathia_Mapes,Bathia_Mapes,https://fark.com/users/Bathia_Mapes,365987,2007-10-16,14,597
Fark that Pixel,Fark%20that%20Pixel,https://fark.com/users/Fark%20that%20Pixel,531793,2010-01-21,11,23
Joxertheflighty,Joxertheflighty,https://fark.com/users/Joxertheflighty,1086329,2019-09-24,2,None
Bathia_Mapes,Bathia_Mapes,https://fark.com/users/Bathia_Mapes,365987,2007-10-16,14,597
Fark that Pixel,Fark%20that%20Pixel,https://fark.com/users/Fark%20that%20Pixel,531793,2010-01-21,11,23
Bathia_Mapes,Bathia_Mapes,https://fark.com/users/Bathia_Mapes,365987,2007-10-16,14,597
Joxertheflighty,Joxertheflighty,https://fark.com/users/Joxertheflighty,1086329,2019-09-24,2,None
Fark that Pixel,Fark%20that%20Pixel,https://fark.com/users/Fark%20that%20Pixel,531793,2010-01-21,11,23
Fark that Pixel,Fark%20that%20Pixel,https://fark.com/users/Fark%20that%20Pixel,531793,2010-01-21,11,23
CrankyAndi,CrankyAndi,https://fark.com/users/CrankyAndi,171497,2004-07-17,17,None
Bathia_Mapes,Bathia_Mapes,https://fark.com/users/Bathia_Mapes,365987,2007-10-16,14,597
Bathia_Mapes,Bathia_Mapes,https://fark.com/users/Bathia_Mapes,365987,2007-10-16,14,597
Fark that Pixel,Fark%20that%20Pixel,https://fark.com/users/Fark%20that%20Pixel,531793,2010-01-21,11,23
Joxertheflighty,Joxertheflighty,https://fark.com/users/Joxertheflighty,1086329,2019-09-24,2,None
Diocletian's Last Cabbage,Diocletian%27s%20Last%20Cabbage,https://fark.com/users/Diocletian%27s%20Last%20Cabbage,598912,2010-10-07,11,3
Diocletian's Last Cabbage,Diocletian%27s%20Last%20Cabbage,https://fark.com/users/Diocletian%27s%20Last%20Cabbage,598912,2010-10-07,11,3
Diocletian's Last Cabbage,Diocletian%27s%20Last%20Cabbage,https://fark.com/users/Diocletian%27s%20Last%20Cabbage,598912,2010-10-07,11,3
Diocletian's Last Cabbage,Diocletian%27s%20Last%20Cabbage,https://fark.com/users/Diocletian%27s%20Last%20Cabbage,598912,2010-10-07,11,3
Fark that Pixel,Fark%20that%20Pixel,https://fark.com/users/Fark%20that%20Pixel,531793,2010-01-21,11,23
Fark that Pixel,Fark%20that%20Pixel,https://fark.com/users/Fark%20that%20Pixel,531793,2010-01-21,11,23
Fark that Pixel,Fark%20that%20Pixel,https://fark.com/users/Fark%20that%20Pixel,531793,2010-01-21,11,23
Bathia_Mapes,Bathia_Mapes,https://fark.com/users/Bathia_Mapes,365987,2007-10-16,14,597
Lsherm,Lsherm,https://fark.com/users/Lsherm,614440,2010-11-23,11,35
Fark that Pixel,Fark%20that%20Pixel,https://fark.com/users/Fark%20that%20Pixel,531793,2010-01-21,11,23
Joxertheflighty,Joxertheflighty,https://fark.com/users/Joxertheflighty,1086329,2019-09-24,2,None
Bathia_Mapes,Bathia_Mapes,https://fark.com/users/Bathia_Mapes,365987,2007-10-16,14,597
Fark that Pixel,Fark%20that%20Pixel,https://fark.com/users/Fark%20that%20Pixel,531793,2010-01-21,11,23
Bathia_Mapes,Bathia_Mapes,https://fark.com/users/Bathia_Mapes,365987,2007-10-16,14,597
Diocletian's Last Cabbage,Diocletian%27s%20Last%20Cabbage,https://fark.com/users/Diocletian%27s%20Last%20Cabbage,598912,2010-10-07,11,3
Fark that Pixel,Fark%20that%20Pixel,https://fark.com/users/Fark%20that%20Pixel,531793,2010-01-21,11,23
Fark that Pixel,Fark%20that%20Pixel,https://fark.com/users/Fark%20that%20Pixel,531793,2010-01-21,11,23
Bathia_Mapes,Bathia_Mapes,https://fark.com/users/Bathia_Mapes,365987,2007-10-16,14,597
Herb Utsmelz,Herb%20Utsmelz,https://fark.com/users/Herb%20Utsmelz,122314,2003-11-23,18,182
Fark that Pixel,Fark%20that%20Pixel,https://fark.com/users/Fark%20that%20Pixel,531793,2010-01-21,11,23
Bathia_Mapes,Bathia_Mapes,https://fark.com/users/Bathia_Mapes,365987,2007-10-16,14,597
beezeltown,beezeltown,https://fark.com/users/beezeltown,384211,2008-01-29,13,49
goodncold,goodncold,https://fark.com/users/goodncold,1040281,2018-07-26,3,6
Weaver95,Weaver95,https://fark.com/users/Weaver95,87860,2003-04-27,18,428
Weaver95,Weaver95,https://fark.com/users/Weaver95,87860,2003-04-27,18,428
lizyrd,lizyrd,https://fark.com/users/lizyrd,94899,2003-06-11,18,4
